frame.time_epoch,ip.src,ip.dst,frame.len,tcp.port,udp.port,ip.proto,frame.time_delta,tcp.flags,ip.len,icmp.type,tcp.stream,tcp.seq,tcp.ack,ip.flags.df,tcp.window_size,ip.ttl,tcp.analysis.flags,http.request.uri,http.response.code,anomaly,score
1762681481.610504000,172.17.16.118,239.255.255.250,698,,53071.0,17,0.000000000,,684,,,,,False,,1,,,,-1,-0.0032805495269225826
1762681481.813777000,172.17.19.207,35.223.238.178,66,62396.0,,6,0.203273000,0x0002,52,,0,0,0,True,65535,128,,,,-1,-0.034875550386388454
1762681481.817331000,172.17.22.189,239.255.255.250,212,,62113.0,17,0.000000000,,198,,,,,False,,1,,*,,-1,-0.012269538463713814
1762681481.817331000,172.17.22.189,239.255.255.250,212,,62112.0,17,0.000000000,,198,,,,,False,,1,,*,,-1,-0.012269538463713814
1762681481.817331000,172.17.18.22,239.255.255.250,212,,61944.0,17,0.000000000,,198,,,,,False,,1,,*,,-1,-0.012269538463713814
1762681481.817331000,172.17.17.68,239.255.255.250,212,,59953.0,17,0.000000000,,198,,,,,False,,1,,*,,-1,-0.012269538463713814
1762681482.124333000,172.17.19.207,35.223.238.178,54,62396.0,,6,0.000258000,0x0010,40,,0,1,1,True,65280,128,,,,-1,-0.040311956738860455
1762681482.125637000,172.17.19.207,35.223.238.178,571,62396.0,,6,0.001304000,0x0018,557,,0,1,1,True,65280,128,,,,-1,-0.020904376234843647
1762681482.232082000,172.17.22.36,239.255.255.250,212,,57097.0,17,0.000000000,,198,,,,,False,,1,,*,,-1,-0.012269538463713814
1762681482.298066000,172.17.19.207,172.17.16.1,92,,64520.0,17,0.065984000,,78,,,,,False,,128,,,,-1,-0.016761835731616825
1762681482.303297000,172.17.19.207,40.79.189.58,66,62403.0,,6,0.000987000,0x0002,52,,1,0,0,True,65535,128,,,,-1,-0.03871067685597962
1762681482.372332000,172.17.19.207,35.223.238.178,54,62396.0,,6,0.000095000,0x0010,40,,0,518,3163,True,65280,128,,,,-1,-0.040311956738860455
1762681482.373778000,172.17.19.207,35.223.238.178,999,62396.0,,6,0.001446000,0x0018,985,,0,518,3163,True,65280,128,,,,-1,-0.0190394455876729
1762681482.409083000,172.17.19.207,40.79.189.58,54,62403.0,,6,0.000147000,0x0010,40,,1,1,1,True,65280,128,,,,-1,-0.03871067685597962
1762681482.410447000,172.17.19.207,40.79.189.58,571,62403.0,,6,0.001364000,0x0018,557,,1,1,1,True,65280,128,,,,-1,-0.01935554895603031
1762681482.438273000,172.17.22.36,239.255.255.250,698,,59730.0,17,0.000000000,,684,,,,,False,,1,,,,-1,-0.0032805495269225826
1762681482.438273000,172.17.23.231,239.255.255.250,179,,57125.0,17,0.000000000,,165,,,,,False,,4,,*,,-1,-0.012269538463713814
1762681482.517118000,172.17.19.207,104.18.32.47,55,65343.0,,6,0.078845000,0x0010,41,,2,1,1,True,254,128,,,,-1,-0.03789281106479192
1762681482.522970000,172.17.19.207,40.79.189.58,491,62403.0,,6,0.001047000,0x0018,477,,1,518,100,True,65280,128,,,,-1,-0.02342644664774407
1762681482.616054000,172.17.19.207,35.223.238.178,54,62396.0,,6,0.000170000,0x0010,40,,0,1463,3609,True,65024,128,,,,-1,-0.040311956738860455
1762681482.618275000,172.17.19.207,35.223.238.178,78,62396.0,,6,0.002221000,0x0018,64,,0,1463,3609,True,65024,128,,,,-1,-0.040311956738860455
1762681482.618630000,172.17.19.207,35.223.238.178,54,62396.0,,6,0.000355000,0x0011,40,,0,1487,3609,True,65024,128,,,,-1,-0.040311956738860455
1762681482.639221000,172.17.22.172,239.255.255.250,216,,64106.0,17,0.020591000,,202,,,,,False,,1,,*,,-1,-0.012269538463713814
1762681482.639221000,172.17.22.36,239.255.255.250,179,,59879.0,17,0.000000000,,165,,,,,False,,4,,*,,-1,-0.012269538463713814
1762681482.641039000,172.17.19.207,40.79.189.58,54,62403.0,,6,0.001818000,0x0010,40,,1,955,4593,True,65280,128,,,,-1,-0.03871067685597962
1762681482.644872000,172.17.19.207,40.79.189.58,2139,62403.0,,6,0.003833000,0x0018,2125,,1,955,4593,True,65280,128,,,,-1,-0.02477305680201558
1762681482.699425000,172.17.19.207,20.44.10.122,167,52862.0,,6,0.054553000,0x0018,153,,3,1,1,True,252,128,,,,-1,-0.010016845134487973
1762681482.699536000,172.17.19.207,20.44.10.122,93,52862.0,,6,0.000111000,0x0018,79,,3,114,1,True,252,128,,,,-1,-0.012281299584609995
1762681482.699571000,172.17.19.207,20.44.10.122,2285,52862.0,,6,0.000035000,0x0018,2271,,3,153,1,True,252,128,,,,-1,-0.005231698830229559
1762681482.762871000,172.17.19.207,40.79.189.58,54,62403.0,,6,0.000130000,0x0010,40,,1,3040,5161,True,64768,128,,,,-1,-0.03871067685597962
1762681482.764377000,172.17.19.207,40.79.189.58,78,62403.0,,6,0.001506000,0x0018,64,,1,3040,5161,True,64768,128,,,,-1,-0.03871067685597962
1762681482.764513000,172.17.19.207,40.79.189.58,54,62403.0,,6,0.000136000,0x0011,40,,1,3064,5161,True,64768,128,,,,-1,-0.03871067685597962
1762681482.840087000,172.17.17.167,239.255.255.250,179,,54531.0,17,0.075574000,,165,,,,,False,,4,,*,,-1,-0.008970242840303566
1762681482.840087000,172.17.22.189,239.255.255.250,212,,62112.0,17,0.000000000,,198,,,,,False,,1,,*,,-1,-0.012269538463713814
1762681482.840087000,172.17.22.189,239.255.255.250,212,,62113.0,17,0.000000000,,198,,,,,False,,1,,*,,-1,-0.012269538463713814
1762681482.840087000,172.17.22.36,224.0.0.252,75,,54949.0,17,0.000000000,,61,,,,,False,,1,,,,-1,-0.01339033595027117
1762681482.840087000,172.17.18.22,239.255.255.250,212,,61944.0,17,0.000000000,,198,,,,,False,,1,,*,,-1,-0.012269538463713814
1762681482.840087000,172.17.17.68,239.255.255.250,212,,59953.0,17,0.000000000,,198,,,,,False,,1,,*,,-1,-0.012269538463713814
1762681482.851588000,172.17.19.207,3.233.158.111,54,49904.0,,6,0.000055000,0x0010,40,,4,1,26,True,252,128,,,,-1,-0.013304771312679153
1762681483.015533000,172.17.19.207,20.44.10.122,54,52862.0,,6,0.053409000,0x0010,40,,3,2384,40,True,252,128,,,,-1,-0.014551251530544929
1762681483.052423000,172.17.22.36,239.255.255.250,179,,59879.0,17,0.000000000,,165,,,,,False,,4,,*,,-1,-0.012269538463713814
1762681483.052423000,172.17.22.36,239.255.255.250,179,,59879.0,17,0.000000000,,165,,,,,False,,4,,*,,-1,-0.012269538463713814
1762681483.052423000,172.17.22.36,224.0.0.252,64,,65355.0,17,0.000000000,,50,,,,,False,,1,,,,-1,-0.01339033595027117
1762681483.052423000,172.17.22.36,224.0.0.252,64,,62774.0,17,0.000000000,,50,,,,,False,,1,,,,-1,-0.01339033595027117
1762681483.251159000,172.17.22.36,239.255.255.250,212,,57097.0,17,0.000000000,,198,,,,,False,,1,,*,,-1,-0.012269538463713814
1762681483.251159000,172.17.22.36,224.0.0.252,75,,54949.0,17,0.000000000,,61,,,,,False,,1,,,,-1,-0.01339033595027117
1762681483.354898000,172.17.19.207,20.44.10.122,89,52862.0,,6,0.000730000,0x0018,75,,3,2384,135,True,251,128,,,,-1,-0.012281299584609995
1762681483.461865000,172.17.22.36,224.0.0.252,64,,65355.0,17,0.000000000,,50,,,,,False,,1,,,,-1,-0.01339033595027117
1762681483.461865000,172.17.22.36,224.0.0.252,64,,62774.0,17,0.000000000,,50,,,,,False,,1,,,,-1,-0.01339033595027117
1762681483.461865000,172.17.22.36,239.255.255.250,179,,59879.0,17,0.000000000,,165,,,,,False,,4,,*,,-1,-0.012269538463713814
1762681483.461865000,172.17.22.172,239.255.255.250,216,,64106.0,17,0.000000000,,202,,,,,False,,1,,*,,-1,-0.012269538463713814
1762681483.659949000,172.17.16.65,239.255.255.250,179,,59815.0,17,0.000000000,,165,,,,,False,,4,,*,,-1,-0.012269538463713814
1762681483.659949000,172.17.16.65,239.255.255.250,179,,59815.0,17,0.000000000,,165,,,,,False,,4,,*,,-1,-0.012269538463713814
1762681483.659949000,172.17.16.65,239.255.255.250,179,,59815.0,17,0.000000000,,165,,,,,False,,4,,*,,-1,-0.012269538463713814
1762681483.659949000,172.17.16.118,239.255.255.250,698,,53071.0,17,0.000000000,,684,,,,,False,,1,,,,-1,-0.0032805495269225826
1762681483.862524000,172.17.22.189,239.255.255.250,212,,62112.0,17,0.000000000,,198,,,,,False,,1,,*,,-1,-0.012269538463713814
1762681483.862524000,172.17.22.189,239.255.255.250,212,,62113.0,17,0.000000000,,198,,,,,False,,1,,*,,-1,-0.012269538463713814
1762681483.862524000,172.17.18.22,239.255.255.250,212,,61944.0,17,0.000000000,,198,,,,,False,,1,,*,,-1,-0.012269538463713814
1762681484.271984000,172.17.22.36,239.255.255.250,212,,57097.0,17,0.000000000,,198,,,,,False,,1,,*,,-1,-0.012269538463713814
1762681484.477009000,172.17.22.36,239.255.255.250,212,,60794.0,17,0.000000000,,198,,,,,False,,1,,*,,-1,-0.012269538463713814
1762681484.887548000,172.17.17.251,255.255.255.255,166,,58863.0,17,0.000000000,,152,,,,,False,,128,,,,-1,-0.021443826888955297
1762681484.887548000,172.17.16.251,239.255.255.250,167,,44729.0,17,0.000000000,,153,,,,,True,,1,,*,,-1,-0.006393875402720517
1762681485.296272000,172.17.16.251,239.255.255.250,167,,44729.0,17,0.000000000,,153,,,,,True,,1,,*,,-1,-0.006393875402720517
1762681485.501324000,172.17.23.231,239.255.255.250,179,,57125.0,17,0.000000000,,165,,,,,False,,4,,*,,-1,-0.012269538463713814
1762681485.501324000,172.17.16.251,239.255.255.250,167,,44729.0,17,0.000000000,,153,,,,,True,,1,,*,,-1,-0.006393875402720517
1762681485.715732000,172.17.18.15,172.17.23.255,86,,57621.0,17,0.000000000,,72,,,,,False,,64,,,,-1,-0.009998552347203704
1762681485.715732000,172.17.16.118,239.255.255.250,698,,53071.0,17,0.000000000,,684,,,,,False,,1,,,,-1,-0.0032805495269225826
1762681485.715732000,172.17.17.167,239.255.255.250,179,,54531.0,17,0.000000000,,165,,,,,False,,4,,*,,-1,-0.012269538463713814
1762681485.910566000,172.17.23.69,224.0.0.251,81,,34353.0,17,0.000000000,,67,,,,,True,,255,,,,-1,-0.005069254384735045
1762681486.053629000,172.17.19.207,20.250.119.64,55,62976.0,,6,0.143063000,0x0010,41,,5,1,1,True,255,128,,,,-1,-0.026581862923104715
1762681486.231972000,172.17.19.207,116.119.82.160,54,49357.0,,6,0.000111000,0x0010,40,,6,1,40,True,1021,128,,,,-1,-0.011776483382805902
1762681486.237785000,172.17.19.207,116.119.92.163,54,49363.0,,6,0.000086000,0x0010,40,,7,1,40,True,1021,128,,,,-1,-0.008192346289327856
1762681486.240261000,172.17.19.207,116.119.92.227,54,49361.0,,6,0.000179000,0x0010,40,,8,1,40,True,1021,128,,,,-1,-0.008192346289327856
1762681486.240314000,172.17.19.207,116.119.202.227,54,49360.0,,6,0.000053000,0x0010,40,,9,1,40,True,1021,128,,,,-1,-0.005762297957526918
1762681486.240330000,172.17.19.207,116.119.107.160,54,49365.0,,6,0.000016000,0x0010,40,,10,1,40,True,1021,128,,,,-1,-0.005762297957526918
1762681486.240343000,172.17.19.207,116.119.92.96,54,49359.0,,6,0.000013000,0x0010,40,,11,1,40,True,1021,128,,,,-1,-0.005762297957526918
1762681486.240368000,172.17.19.207,116.119.69.99,54,49366.0,,6,0.000025000,0x0010,40,,12,1,40,True,1021,128,,,,-1,-0.005762297957526918
1762681486.251550000,172.17.19.207,116.119.208.225,54,49364.0,,6,0.000101000,0x0010,40,,13,1,40,True,1021,128,,,,-1,-0.0048845713957423875
1762681486.272261000,172.17.19.207,172.17.16.1,66,62448.0,,6,0.020711000,0x0002,52,,14,0,0,True,65535,128,,,,-1,-0.026864917799011012
1762681486.272408000,172.17.19.207,172.17.16.1,66,62449.0,,6,0.000147000,0x0002,52,,15,0,0,True,65535,128,,,,-1,-0.02457596375866966
1762681486.277878000,172.17.19.207,172.17.16.1,54,62448.0,,6,0.000129000,0x0010,40,,14,1,1,True,65280,128,,,,-1,-0.026864917799011012
1762681486.277909000,172.17.19.207,172.17.16.1,54,62449.0,,6,0.000031000,0x0010,40,,15,1,1,True,65280,128,,,,-1,-0.02457596375866966
1762681486.277927000,172.17.19.207,116.119.92.36,54,51682.0,,6,0.000018000,0x0010,40,,16,1,40,True,1023,128,,,,-1,-0.0013337410321024867
1762681486.277935000,172.17.19.207,172.17.16.1,56,62448.0,,6,0.000008000,0x0018,42,,14,1,1,True,65280,128,,,,-1,-0.026864917799011012
1762681486.277995000,172.17.19.207,172.17.16.1,97,62448.0,,6,0.000060000,0x0018,83,,14,3,1,True,65280,128,,,,-1,-0.024545644129613464
1762681486.278095000,172.17.19.207,172.17.16.1,56,62449.0,,6,0.000100000,0x0018,42,,15,1,1,True,65280,128,,,,-1,-0.02457596375866966
1762681486.278131000,172.17.19.207,172.17.16.1,97,62449.0,,6,0.000036000,0x0018,83,,15,3,1,True,65280,128,,,,-1,-0.02226585837073558
1762681486.289243000,172.17.19.207,172.17.16.1,54,62448.0,,6,0.000275000,0x0011,40,,14,46,100,True,65280,128,,,,-1,-0.026864917799011012
1762681486.293569000,172.17.19.207,172.17.16.1,54,62448.0,,6,0.000059000,0x0010,40,,14,47,101,True,65280,128,,,,-1,-0.026864917799011012
1762681486.293948000,172.17.19.207,172.17.16.1,54,62449.0,,6,0.000379000,0x0011,40,,15,46,149,True,65280,128,,,,-1,-0.02457596375866966
1762681486.294829000,172.17.19.207,35.186.224.22,1292,,63957.0,17,0.000881000,,1278,,,,,True,,128,,,,-1,-0.011296298787451309
1762681486.294909000,172.17.19.207,35.186.224.22,1292,,63957.0,17,0.000080000,,1278,,,,,True,,128,,,,-1,-0.011296298787451309
1762681486.301105000,172.17.19.207,172.17.16.1,54,62449.0,,6,0.000040000,0x0010,40,,15,47,150,True,65280,128,,,,-1,-0.02457596375866966
1762681486.307728000,172.17.19.207,35.186.224.22,54,52167.0,,6,0.006623000,0x0011,40,,17,1,1,True,252,128,,,,-1,-0.002833729018274389
1762681486.308251000,172.17.19.207,35.186.224.22,66,62450.0,,6,0.000523000,0x0002,52,,18,0,0,True,65535,128,,,,-1,-0.022685877935634813
1762681486.318445000,172.17.19.207,35.186.224.22,54,52167.0,,6,0.000215000,0x0010,40,,17,2,2,True,252,128,,,,-1,-0.002833729018274389
1762681486.318541000,172.17.19.207,35.186.224.22,54,62450.0,,6,0.000096000,0x0010,40,,18,1,1,True,65280,128,,,,-1,-0.022685877935634813
1762681486.319238000,172.17.19.207,35.186.224.22,2177,62450.0,,6,0.000697000,0x0018,2163,,18,1,1,True,65280,128,,,,-1,-0.011817734496277321
1762681486.332616000,172.17.19.207,35.186.224.22,209,,63957.0,17,0.000977000,,195,,,,,True,,128,,,,-1,-0.021055862150932247
1762681486.333057000,172.17.19.207,35.186.224.22,966,,63957.0,17,0.000441000,,952,,,,,True,,128,,,,-1,-0.004399815831403142
1762681486.357243000,172.17.19.207,35.186.224.22,74,,63957.0,17,0.001005000,,60,,,,,True,,128,,,,-1,-0.022194106632381194
1762681486.366488000,172.17.19.207,35.186.224.22,118,62450.0,,6,0.000849000,0x0018,104,,18,2124,213,True,65280,128,,,,-1,-0.020383343184118163
1762681486.385307000,172.17.19.207,35.186.224.22,74,,63957.0,17,0.009263000,,60,,,,,True,,128,,,,-1,-0.022194106632381194
1762681486.417261000,172.17.19.207,35.186.224.22,54,62450.0,,6,0.031954000,0x0010,40,,18,2188,831,True,64512,128,,,,-1,-0.02229707312709317
1762681486.481914000,172.17.19.207,35.186.224.22,78,,63957.0,17,0.035733000,,64,,,,,True,,128,,,,-1,-0.020712621110079987
1762681486.533957000,172.17.22.36,239.255.255.250,212,,60794.0,17,0.000000000,,198,,,,,False,,1,,*,,-1,-0.012269538463713814
1762681486.533957000,172.17.22.36,239.255.255.250,179,,59879.0,17,0.000000000,,165,,,,,False,,4,,*,,-1,-0.012269538463713814
1762681486.533957000,172.17.16.65,239.255.255.250,179,,59815.0,17,0.000000000,,165,,,,,False,,4,,*,,-1,-0.012269538463713814
1762681486.640744000,172.17.19.207,104.18.32.47,55,56065.0,,6,0.106787000,0x0010,41,,19,1,1,True,255,128,,,,-1,-0.006926704826176411
1762681486.739351000,172.17.22.188,239.255.255.250,212,,51896.0,17,0.000000000,,198,,,,,False,,1,,*,,-1,-0.00947555694270552
1762681486.935696000,172.17.17.19,224.0.0.252,64,,57950.0,17,0.000000000,,50,,,,,False,,1,,,,-1,-0.01339033595027117
1762681486.935696000,172.17.17.19,224.0.0.252,64,,56019.0,17,0.000000000,,50,,,,,False,,1,,,,-1,-0.01339033595027117
1762681487.105421000,172.17.19.207,35.223.238.178,55,62987.0,,6,0.169725000,0x0010,41,,20,1,1,True,254,128,,,,-1,-0.014919621107330916
1762681487.345225000,172.17.17.19,224.0.0.252,64,,57950.0,17,0.200910000,,50,,,,,False,,1,,,,-1,-0.009482789144521608
1762681487.345225000,172.17.17.19,224.0.0.252,64,,56019.0,17,0.000000000,,50,,,,,False,,1,,,,-1,-0.01339033595027117
1762681487.345225000,172.17.17.34,239.255.255.250,167,,60380.0,17,0.000000000,,153,,,,,False,,255,,*,,-1,-0.021443826888955297
1762681487.345225000,172.17.20.251,255.255.255.255,56,,61976.0,17,0.000000000,,42,,,,,False,,1,,,,-1,-0.01339033595027117
1762681487.557348000,172.17.22.36,239.255.255.250,212,,60794.0,17,0.000000000,,198,,,,,False,,1,,*,,-1,-0.012269538463713814
1762681487.752931000,172.17.22.188,239.255.255.250,212,,51896.0,17,0.195583000,,198,,,,,False,,1,,*,,-1,-0.0055950582020877215
1762681487.753245000,172.17.16.118,239.255.255.250,698,,53071.0,17,0.000314000,,684,,,,,False,,1,,,,-1,-0.0032805495269225826
1762681488.371389000,172.17.21.242,255.255.255.255,82,,56402.0,17,0.206097000,,68,,,,,False,,128,,,,-1,-0.017524850641420064
1762681488.371389000,172.17.21.242,172.17.23.255,82,,56401.0,17,0.000000000,,68,,,,,False,,128,,,,-1,-0.022194106632381194
1762681488.574929000,172.17.21.242,172.17.23.255,82,,56401.0,17,0.000000000,,68,,,,,False,,128,,,,-1,-0.022194106632381194
1762681488.574929000,172.17.21.242,255.255.255.255,82,,56402.0,17,0.000000000,,68,,,,,False,,128,,,,-1,-0.022194106632381194
1762681488.574929000,172.17.22.188,239.255.255.250,212,,51896.0,17,0.000000000,,198,,,,,False,,1,,*,,-1,-0.00947555694270552
1762681488.619381000,172.17.19.207,35.186.224.22,1288,,63957.0,17,0.044452000,,1274,,,,,True,,128,,,,-1,-0.009842922751940875
1762681488.619521000,172.17.19.207,35.186.224.22,1203,,63957.0,17,0.000140000,,1189,,,,,True,,128,,,,-1,-0.006408987470412075
1762681488.665768000,172.17.19.207,35.186.224.22,74,,63957.0,17,0.033196000,,60,,,,,True,,128,,,,-1,-0.020712621110079987
1762681488.739952000,172.17.19.207,35.186.224.22,77,,63957.0,17,0.000778000,,63,,,,,True,,128,,,,-1,-0.022194106632381194
1762681488.781746000,172.17.21.242,172.17.23.255,82,,56401.0,17,0.000000000,,68,,,,,False,,128,,,,-1,-0.022194106632381194
1762681488.781746000,172.17.21.242,255.255.255.255,82,,56402.0,17,0.000000000,,68,,,,,False,,128,,,,-1,-0.022194106632381194
1762681488.781746000,172.17.22.36,224.0.0.252,64,,62312.0,17,0.000000000,,50,,,,,False,,1,,,,-1,-0.01339033595027117
1762681488.781746000,172.17.22.36,224.0.0.252,64,,60606.0,17,0.000000000,,50,,,,,False,,1,,,,-1,-0.01339033595027117
1762681488.983802000,172.17.21.242,172.17.23.255,82,,56401.0,17,0.000000000,,68,,,,,False,,128,,,,-1,-0.022194106632381194
1762681488.983802000,172.17.21.242,255.255.255.255,82,,56402.0,17,0.000000000,,68,,,,,False,,128,,,,-1,-0.022194106632381194
1762681489.191990000,172.17.21.242,172.17.23.255,82,,56401.0,17,0.000000000,,68,,,,,False,,128,,,,-1,-0.022194106632381194
1762681489.191990000,172.17.21.242,255.255.255.255,82,,56402.0,17,0.000000000,,68,,,,,False,,128,,,,-1,-0.022194106632381194
1762681489.191990000,172.17.22.36,224.0.0.252,64,,60606.0,17,0.000000000,,50,,,,,False,,1,,,,-1,-0.01339033595027117
1762681489.191990000,172.17.22.36,224.0.0.252,64,,62312.0,17,0.000000000,,50,,,,,False,,1,,,,-1,-0.01339033595027117
1762681489.341769000,172.17.19.207,104.199.241.202,767,65530.0,,6,0.149779000,0x0018,753,,21,1,1,True,255,128,,,,-1,-0.0017967756084851239
1762681489.343950000,172.17.19.207,172.17.23.255,86,,57621.0,17,0.002181000,,72,,,,,False,,128,,,,-1,-0.022194106632381194
1762681489.347290000,172.17.19.207,172.17.23.255,86,,57621.0,17,0.003340000,,72,,,,,False,,128,,,,-1,-0.022194106632381194
1762681489.402025000,172.17.21.242,172.17.23.255,82,,56401.0,17,0.010112000,,68,,,,,False,,128,,,,-1,-0.022194106632381194
1762681489.402025000,172.17.21.242,255.255.255.255,82,,56402.0,17,0.000000000,,68,,,,,False,,128,,,,-1,-0.022194106632381194
1762681489.402025000,172.17.18.156,239.255.255.250,212,,58874.0,17,0.000000000,,198,,,,,False,,1,,*,,-1,-0.012269538463713814
1762681489.445807000,172.17.19.207,172.17.16.1,66,62486.0,,6,0.010000000,0x0002,52,,22,0,0,True,65535,128,,,,-1,-0.021728237980393694
1762681489.446035000,172.17.19.207,172.17.16.1,66,62487.0,,6,0.000228000,0x0002,52,,23,0,0,True,65535,128,,,,-1,-0.02211665779263272
1762681489.447007000,172.17.19.207,35.186.224.22,1288,,63957.0,17,0.000972000,,1274,,,,,True,,128,,,,-1,-0.011296298787451309
1762681489.447102000,172.17.19.207,35.186.224.22,919,,63957.0,17,0.000095000,,905,,,,,True,,128,,,,-1,-0.007256160067860229
1762681489.447998000,172.17.19.207,172.17.16.1,54,62486.0,,6,0.000069000,0x0010,40,,22,1,1,True,65280,128,,,,-1,-0.021728237980393694
1762681489.448281000,172.17.19.207,172.17.16.1,56,62486.0,,6,0.000283000,0x0018,42,,22,1,1,True,65280,128,,,,-1,-0.021728237980393694
1762681489.448351000,172.17.19.207,172.17.16.1,95,62486.0,,6,0.000070000,0x0018,81,,22,3,1,True,65280,128,,,,-1,-0.01942953900386224
1762681489.451224000,172.17.19.207,172.17.16.1,54,62487.0,,6,0.000058000,0x0010,40,,23,1,1,True,65280,128,,,,-1,-0.02211665779263272
1762681489.451421000,172.17.19.207,172.17.16.1,56,62487.0,,6,0.000197000,0x0018,42,,23,1,1,True,65280,128,,,,-1,-0.02211665779263272
1762681489.451505000,172.17.19.207,172.17.16.1,95,62487.0,,6,0.000084000,0x0018,81,,23,3,1,True,65280,128,,,,-1,-0.019816403021575946
1762681489.453409000,172.17.19.207,172.17.16.1,54,62486.0,,6,0.000317000,0x0011,40,,22,44,93,True,65280,128,,,,-1,-0.021728237980393694
1762681489.458292000,172.17.19.207,172.17.16.1,54,62486.0,,6,0.000038000,0x0010,40,,22,45,94,True,65280,128,,,,-1,-0.021728237980393694
1762681489.459825000,172.17.19.207,172.17.16.1,54,62487.0,,6,0.001533000,0x0011,40,,23,44,1,True,65280,128,,,,-1,-0.02211665779263272
1762681489.461104000,172.17.19.207,35.186.224.24,1292,,55494.0,17,0.001279000,,1278,,,,,True,,128,,,,-1,-0.011296298787451309
1762681489.461200000,172.17.19.207,35.186.224.24,1292,,55494.0,17,0.000096000,,1278,,,,,True,,128,,,,-1,-0.011296298787451309
1762681489.461525000,172.17.19.207,35.186.224.24,138,62928.0,,6,0.000325000,0x0018,124,,24,1,1,True,255,128,,,,-1,-0.01207141513254495
1762681489.461600000,172.17.19.207,35.186.224.24,93,62928.0,,6,0.000075000,0x0018,79,,24,85,1,True,255,128,,,,-1,-0.014623130697637099
1762681489.461638000,172.17.19.207,35.186.224.24,1657,62928.0,,6,0.000038000,0x0018,1643,,24,124,1,True,255,128,,,,-1,-0.004634430700525161
1762681489.461839000,172.17.19.207,172.17.16.1,54,62487.0,,6,0.000034000,0x0014,40,,23,45,142,True,0,128,,,,-1,-0.016902500443775614
1762681489.487209000,172.17.19.207,104.199.241.202,54,65530.0,,6,0.015504000,0x0010,40,,21,714,56,True,255,128,,,,-1,-0.02287159447565701
1762681489.487395000,172.17.19.207,35.186.224.24,1292,,55494.0,17,0.000186000,,1278,,,,,True,,128,,,,-1,-0.011296298787451309
1762681489.487489000,172.17.19.207,35.186.224.22,74,,63957.0,17,0.000094000,,60,,,,,True,,128,,,,-1,-0.022194106632381194
1762681489.492320000,172.17.19.207,35.186.224.24,209,,55494.0,17,0.000871000,,195,,,,,True,,128,,,,-1,-0.021055862150932247
1762681489.494730000,172.17.19.207,35.186.224.24,211,,55494.0,17,0.000338000,,197,,,,,True,,128,,,,-1,-0.021055862150932247
1762681489.502136000,172.17.19.207,35.186.224.24,75,,55494.0,17,0.000443000,,61,,,,,True,,128,,,,-1,-0.022194106632381194
1762681489.502304000,172.17.19.207,35.186.224.24,75,,55494.0,17,0.000168000,,61,,,,,True,,128,,,,-1,-0.022194106632381194
1762681489.523177000,172.17.19.207,35.186.224.24,54,62928.0,,6,0.020873000,0x0010,40,,24,1727,40,True,255,128,,,,-1,-0.016902500443775614
1762681489.565223000,172.17.19.207,172.17.16.1,66,62490.0,,6,0.000429000,0x0002,52,,25,0,0,True,65535,128,,,,-1,-0.02211665779263272
1762681489.565436000,172.17.19.207,172.17.16.1,66,62491.0,,6,0.000213000,0x0002,52,,26,0,0,True,65535,128,,,,-1,-0.02211665779263272
1762681489.565804000,172.17.19.207,35.186.224.22,77,,63957.0,17,0.000368000,,63,,,,,True,,128,,,,-1,-0.022194106632381194
1762681489.566132000,172.17.19.207,172.17.16.1,66,62492.0,,6,0.000328000,0x0002,52,,27,0,0,True,65535,128,,,,-1,-0.02211665779263272
1762681489.566297000,172.17.19.207,172.17.16.1,66,62493.0,,6,0.000165000,0x0002,52,,28,0,0,True,65535,128,,,,-1,-0.02143935175713174
1762681489.566979000,172.17.19.207,172.17.16.1,54,62490.0,,6,0.000071000,0x0010,40,,25,1,1,True,65280,128,,,,-1,-0.02211665779263272
1762681489.567177000,172.17.19.207,172.17.16.1,54,62491.0,,6,0.000047000,0x0010,40,,26,1,1,True,65280,128,,,,-1,-0.02211665779263272
1762681489.567309000,172.17.19.207,172.17.16.1,56,62490.0,,6,0.000132000,0x0018,42,,25,1,1,True,65280,128,,,,-1,-0.02211665779263272
1762681489.567359000,172.17.19.207,172.17.16.1,95,62490.0,,6,0.000050000,0x0018,81,,25,3,1,True,65280,128,,,,-1,-0.019816403021575946
1762681489.567604000,172.17.19.207,172.17.16.1,56,62491.0,,6,0.000245000,0x0018,42,,26,1,1,True,65280,128,,,,-1,-0.02211665779263272
1762681489.567634000,172.17.19.207,172.17.16.1,95,62491.0,,6,0.000030000,0x0018,81,,26,3,1,True,65280,128,,,,-1,-0.019816403021575946
1762681489.567936000,172.17.19.207,172.17.16.1,54,62493.0,,6,0.000082000,0x0010,40,,28,1,1,True,65280,128,,,,-1,-0.02143935175713174
1762681489.567961000,172.17.19.207,172.17.16.1,54,62492.0,,6,0.000025000,0x0010,40,,27,1,1,True,65280,128,,,,-1,-0.02211665779263272
1762681489.568034000,172.17.19.207,172.17.16.1,56,62492.0,,6,0.000073000,0x0018,42,,27,1,1,True,65280,128,,,,-1,-0.02211665779263272
1762681489.568071000,172.17.19.207,172.17.16.1,95,62492.0,,6,0.000037000,0x0018,81,,27,3,1,True,65280,128,,,,-1,-0.019816403021575946
1762681489.568124000,172.17.19.207,172.17.16.1,56,62493.0,,6,0.000053000,0x0018,42,,28,1,1,True,65280,128,,,,-1,-0.02143935175713174
1762681489.568142000,172.17.19.207,172.17.16.1,95,62493.0,,6,0.000018000,0x0018,81,,28,3,1,True,65280,128,,,,-1,-0.019141809898724604
1762681489.569422000,172.17.19.207,172.17.16.1,54,62490.0,,6,0.000131000,0x0011,40,,25,44,93,True,65280,128,,,,-1,-0.02211665779263272
1762681489.570770000,172.17.19.207,172.17.16.1,54,62492.0,,6,0.000182000,0x0011,40,,27,44,119,True,65280,128,,,,-1,-0.02211665779263272
1762681489.570991000,172.17.19.207,172.17.16.1,54,62490.0,,6,0.000031000,0x0010,40,,25,45,94,True,65280,128,,,,-1,-0.02211665779263272
1762681489.572254000,172.17.19.207,172.17.16.1,54,62492.0,,6,0.000023000,0x0010,40,,27,45,120,True,65280,128,,,,-1,-0.02211665779263272
1762681489.575689000,172.17.19.207,172.17.16.1,54,62491.0,,6,0.000384000,0x0011,40,,26,44,167,True,65280,128,,,,-1,-0.02211665779263272
1762681489.575878000,172.17.19.207,172.17.16.1,54,62493.0,,6,0.000189000,0x0011,40,,28,44,193,True,65280,128,,,,-1,-0.02143935175713174
1762681489.576967000,172.17.19.207,35.186.224.24,1292,,55598.0,17,0.001089000,,1278,,,,,True,,128,,,,-1,-0.011296298787451309
1762681489.577122000,172.17.19.207,35.186.224.24,1292,,55598.0,17,0.000155000,,1278,,,,,True,,128,,,,-1,-0.011296298787451309
1762681489.577162000,172.17.19.207,172.17.16.1,54,62491.0,,6,0.000030000,0x0010,40,,26,45,168,True,65280,128,,,,-1,-0.02211665779263272
1762681489.577637000,172.17.19.207,172.17.16.1,54,62493.0,,6,0.000044000,0x0010,40,,28,45,194,True,65280,128,,,,-1,-0.02143935175713174
1762681489.577952000,172.17.19.207,35.186.224.24,1292,,63660.0,17,0.000315000,,1278,,,,,True,,128,,,,-1,-0.011296298787451309
1762681489.578025000,172.17.19.207,35.186.224.24,1292,,63660.0,17,0.000073000,,1278,,,,,True,,128,,,,-1,-0.011296298787451309
1762681489.587502000,172.17.19.207,35.186.224.24,93,62928.0,,6,0.000752000,0x0018,79,,24,1727,126,True,255,128,,,,-1,-0.014623130697637099
1762681489.602234000,172.17.19.207,35.186.224.24,54,49333.0,,6,0.014732000,0x0011,40,,29,1,1,True,252,128,,,,-1,-0.0005567101735292068
1762681489.602414000,172.17.19.207,35.186.224.22,54,51660.0,,6,0.000180000,0x0011,40,,30,1,1,True,252,128,,,,-1,-0.0002447502738588403
1762681489.602872000,172.17.19.207,35.186.224.24,66,62495.0,,6,0.000393000,0x0002,52,,32,0,0,True,65535,128,,,,-1,-0.020616059648443485
1762681489.603041000,172.17.19.207,35.186.224.24,1292,,63660.0,17,0.000169000,,1278,,,,,True,,128,,,,-1,-0.011296298787451309
1762681489.603134000,172.17.19.207,35.186.224.24,1292,,55598.0,17,0.000093000,,1278,,,,,True,,128,,,,-1,-0.011296298787451309
1762681489.603162000,172.17.23.197,224.0.0.252,69,,59348.0,17,0.000000000,,55,,,,,False,,1,,,,-1,-0.01339033595027117
1762681489.603162000,172.17.23.197,224.0.0.252,69,,50842.0,17,0.000000000,,55,,,,,False,,1,,,,-1,-0.010590806422717702
1762681489.603162000,172.17.22.36,239.255.255.250,179,,59879.0,17,0.000000000,,165,,,,,False,,4,,*,,-1,-0.012269538463713814
1762681489.603162000,172.17.22.188,224.0.0.252,64,,49666.0,17,0.000000000,,50,,,,,False,,1,,,,-1,-0.010590806422717702
1762681489.603162000,172.17.21.242,172.17.23.255,82,,56401.0,17,0.000000000,,68,,,,,False,,128,,,,-1,-0.022194106632381194
1762681489.603162000,172.17.21.242,255.255.255.255,82,,56402.0,17,0.000000000,,68,,,,,False,,128,,,,-1,-0.022194106632381194
1762681489.603162000,172.17.22.36,239.255.255.250,698,,60607.0,17,0.000000000,,684,,,,,False,,1,,,,-1,-0.0032805495269225826
1762681489.603162000,172.17.22.36,239.255.255.250,698,,60607.0,17,0.000000000,,684,,,,,False,,1,,,,-1,-0.0032805495269225826
1762681489.603162000,172.17.22.188,239.255.255.250,212,,51896.0,17,0.000000000,,198,,,,,False,,1,,*,,-1,-0.00947555694270552
1762681489.603369000,172.17.19.207,35.186.224.24,66,62496.0,,6,0.000207000,0x0002,52,,33,0,0,True,65535,128,,,,-1,-0.020616059648443485
1762681489.607081000,172.17.19.207,35.186.224.24,54,49333.0,,6,0.000103000,0x0010,40,,29,2,2,True,252,128,,,,-1,-0.0005567101735292068
1762681489.607242000,172.17.19.207,35.186.224.22,54,51660.0,,6,0.000058000,0x0010,40,,30,2,2,True,252,128,,,,-1,-0.0002447502738588403
1762681489.607819000,172.17.19.207,35.186.224.24,208,,63660.0,17,0.000577000,,194,,,,,True,,128,,,,-1,-0.021055862150932247
1762681489.608522000,172.17.19.207,35.186.224.24,204,,55598.0,17,0.000301000,,190,,,,,True,,128,,,,-1,-0.021055862150932247
1762681489.608949000,172.17.19.207,35.186.224.24,1288,,63660.0,17,0.000427000,,1274,,,,,True,,128,,,,-1,-0.011296298787451309
1762681489.609020000,172.17.19.207,35.186.224.24,291,,63660.0,17,0.000071000,,277,,,,,True,,128,,,,-1,-0.01960606539111376
1762681489.609205000,172.17.19.207,35.186.224.24,376,,63660.0,17,0.000185000,,362,,,,,True,,128,,,,-1,-0.01960606539111376
1762681489.609456000,172.17.19.207,35.186.224.24,508,,55598.0,17,0.000251000,,494,,,,,True,,128,,,,-1,-0.013288096736984167
1762681489.610631000,172.17.19.207,35.186.224.24,54,62495.0,,6,0.000098000,0x0010,40,,32,1,1,True,65280,128,,,,-1,-0.020616059648443485
1762681489.611300000,172.17.19.207,35.186.224.24,2111,62495.0,,6,0.000669000,0x0018,2097,,32,1,1,True,65280,128,,,,-1,-0.010109640935260233
1762681489.612561000,172.17.19.207,35.186.224.24,54,62496.0,,6,0.000086000,0x0010,40,,33,1,1,True,65280,128,,,,-1,-0.020616059648443485
1762681489.612597000,172.17.19.207,35.186.224.24,207,,55598.0,17,0.000036000,,193,,,,,True,,128,,,,-1,-0.021055862150932247
1762681489.612751000,172.17.19.207,35.186.224.24,210,,63660.0,17,0.000154000,,196,,,,,True,,128,,,,-1,-0.021055862150932247
1762681489.613347000,172.17.19.207,35.186.224.24,2175,62496.0,,6,0.000596000,0x0018,2161,,33,1,1,True,65280,128,,,,-1,-0.010109640935260233
1762681489.615534000,172.17.19.207,35.186.224.24,75,,55598.0,17,0.000343000,,61,,,,,True,,128,,,,-1,-0.022194106632381194
1762681489.615658000,172.17.19.207,35.186.224.24,75,,55598.0,17,0.000124000,,61,,,,,True,,128,,,,-1,-0.022194106632381194
1762681489.615842000,172.17.19.207,35.186.224.24,75,,63660.0,17,0.000184000,,61,,,,,True,,128,,,,-1,-0.022194106632381194
1762681489.615913000,172.17.19.207,35.186.224.24,75,,63660.0,17,0.000071000,,61,,,,,True,,128,,,,-1,-0.022194106632381194
1762681489.616587000,172.17.19.207,35.186.224.24,75,,55598.0,17,0.000251000,,61,,,,,True,,128,,,,-1,-0.022194106632381194
1762681489.641661000,172.17.19.207,35.186.224.24,118,62495.0,,6,0.000542000,0x0018,104,,32,2058,213,True,65280,128,,,,-1,-0.01832181544199707
1762681489.641873000,172.17.19.207,35.186.224.24,74,,63660.0,17,0.000212000,,60,,,,,True,,128,,,,-1,-0.022194106632381194
1762681489.650278000,172.17.19.207,35.186.224.24,118,62496.0,,6,0.000536000,0x0018,104,,33,2122,213,True,65280,128,,,,-1,-0.01832181544199707
1762681489.704993000,172.17.19.207,35.186.224.24,54,62495.0,,6,0.032392000,0x0010,40,,32,2122,831,True,64512,128,,,,-1,-0.020228654776986987
1762681489.705056000,172.17.19.207,35.186.224.24,54,62496.0,,6,0.000063000,0x0010,40,,33,2186,831,True,64512,128,,,,-1,-0.020228654776986987
1762681489.711287000,172.17.19.207,35.186.224.24,895,,55598.0,17,0.003138000,,881,,,,,True,,128,,,,-1,-0.007803202244877849
1762681489.744295000,172.17.19.207,35.186.224.24,78,,63660.0,17,0.000151000,,64,,,,,True,,128,,,,-1,-0.022194106632381194
1762681489.774393000,172.17.19.207,35.186.224.24,74,,55598.0,17,0.030098000,,60,,,,,True,,128,,,,-1,-0.020712621110079987
1762681489.777949000,172.17.19.207,35.186.224.24,77,,63660.0,17,0.000352000,,63,,,,,True,,128,,,,-1,-0.022194106632381194
1762681489.780256000,172.17.19.207,35.186.224.24,75,,55598.0,17,0.000132000,,61,,,,,True,,128,,,,-1,-0.022194106632381194
1762681489.807061000,172.17.19.207,35.186.224.24,74,,63660.0,17,0.026805000,,60,,,,,True,,128,,,,-1,-0.020712621110079987
1762681489.809005000,172.17.22.36,239.255.255.250,698,,60607.0,17,0.000000000,,684,,,,,False,,1,,,,-1,-0.0032805495269225826
1762681489.816320000,172.17.19.207,172.17.16.1,83,,64520.0,17,0.007315000,,69,,,,,False,,128,,,,-1,-0.022194106632381194
1762681489.818532000,172.17.19.207,104.86.189.82,66,62499.0,,6,0.000732000,0x0002,52,,35,0,0,True,65535,128,,,,-1,-0.01747689415080733
1762681489.823542000,172.17.19.207,104.86.189.82,54,62499.0,,6,0.000059000,0x0010,40,,35,1,1,True,65280,128,,,,-1,-0.01747689415080733
1762681489.823696000,172.17.19.207,104.86.189.82,165,62499.0,,6,0.000154000,0x0018,151,,35,1,1,True,65280,128,,/connecttest.txt,,-1,-0.012258921704464742
1762681489.826567000,172.17.19.207,35.186.224.24,79,,55598.0,17,0.000373000,,65,,,,,True,,128,,,,-1,-0.022194106632381194
1762681489.829803000,172.17.19.207,104.86.189.82,66,62499.0,,6,0.000017000,0x0010,52,,35,112,1,True,65280,128,1,,,-1,-0.016618346249562488
1762681489.831565000,172.17.19.207,104.86.189.82,54,62499.0,,6,0.000071000,0x0010,40,,35,112,189,True,65280,128,,,,-1,-0.01747689415080733
1762681489.831599000,172.17.19.207,104.86.189.82,54,62499.0,,6,0.000034000,0x0011,40,,35,112,189,True,65280,128,,,,-1,-0.01747689415080733
1762681490.012317000,172.17.21.242,255.255.255.255,82,,56402.0,17,0.000000000,,68,,,,,False,,128,,,,-1,-0.022194106632381194
1762681490.012317000,172.17.21.242,172.17.23.255,82,,56401.0,17,0.000000000,,68,,,,,False,,128,,,,-1,-0.022194106632381194
1762681490.012317000,172.17.23.197,224.0.0.252,69,,59348.0,17,0.000000000,,55,,,,,False,,1,,,,-1,-0.01339033595027117
1762681490.012317000,172.17.23.197,224.0.0.252,69,,50842.0,17,0.000000000,,55,,,,,False,,1,,,,-1,-0.010590806422717702
1762681490.012317000,172.17.22.36,239.255.255.250,698,,60607.0,17,0.000000000,,684,,,,,False,,1,,,,-1,-0.0032805495269225826
1762681490.012317000,172.17.22.188,224.0.0.252,64,,49666.0,17,0.000000000,,50,,,,,False,,1,,,,-1,-0.010590806422717702
1762681490.052654000,172.17.19.207,35.223.238.178,336,62984.0,,6,0.040337000,0x0018,322,,36,1,1,True,251,128,,,,-1,-0.002166203095905983
1762681490.135777000,172.17.19.207,104.86.189.82,54,62499.0,,6,0.083123000,0x0011,40,,35,112,189,True,65280,128,1,,,-1,-0.015081102765740706
1762681490.214496000,172.17.21.242,255.255.255.255,82,,56402.0,17,0.000000000,,68,,,,,False,,128,,,,-1,-0.022194106632381194
1762681490.214496000,172.17.21.242,172.17.23.255,82,,56401.0,17,0.000000000,,68,,,,,False,,128,,,,-1,-0.022194106632381194
1762681490.214496000,172.17.22.36,239.255.255.250,698,,60607.0,17,0.000000000,,684,,,,,False,,1,,,,-1,-0.0032805495269225826
1762681490.214496000,172.17.18.50,239.255.255.250,143,,54805.0,17,0.000000000,,129,,,,,False,,4,,*,,-1,-0.011506277390896047
1762681490.319146000,172.17.19.207,35.223.238.178,54,62984.0,,6,0.000113000,0x0010,40,,36,283,326,True,255,128,,,,-1,-0.01338047148785415
1762681490.426222000,172.17.21.242,172.17.23.255,82,,56401.0,17,0.000000000,,68,,,,,False,,128,,,,-1,-0.022194106632381194
1762681490.426222000,172.17.21.242,255.255.255.255,82,,56402.0,17,0.000000000,,68,,,,,False,,128,,,,-1,-0.022194106632381194
1762681490.426222000,172.17.18.156,239.255.255.250,212,,58874.0,17,0.000000000,,198,,,,,False,,1,,*,,-1,-0.012269538463713814
1762681490.426222000,172.17.22.188,224.0.0.252,64,,49821.0,17,0.000000000,,50,,,,,False,,1,,,,-1,-0.010590806422717702
1762681490.628170000,172.17.21.242,255.255.255.255,82,,56402.0,17,0.000000000,,68,,,,,False,,128,,,,-1,-0.022194106632381194
1762681490.628170000,172.17.21.242,172.17.23.255,82,,56401.0,17,0.000000000,,68,,,,,False,,128,,,,-1,-0.022194106632381194
1762681490.628170000,172.17.22.36,239.255.255.250,698,,60607.0,17,0.000000000,,684,,,,,False,,1,,,,-1,-0.0032805495269225826
1762681490.636878000,172.17.19.207,172.67.73.98,66,53949.0,,6,0.000023000,0x0010,52,,37,68,418,True,252,128,1,,,-1,-0.004778275212677596
1762681490.829750000,172.17.16.200,255.255.255.255,58,,57602.0,17,0.000000000,,44,,,,,False,,128,,,,-1,-0.022194106632381194
1762681490.829750000,172.17.16.200,255.255.255.255,58,,57602.0,17,0.000000000,,44,,,,,False,,128,,,,-1,-0.022194106632381194
1762681490.829750000,172.17.21.242,172.17.23.255,82,,56401.0,17,0.000000000,,68,,,,,False,,128,,,,-1,-0.022194106632381194
1762681490.829750000,172.17.21.242,255.255.255.255,82,,56402.0,17,0.000000000,,68,,,,,False,,128,,,,-1,-0.022194106632381194
1762681491.033476000,172.17.22.188,224.0.0.252,64,,49821.0,17,0.000000000,,50,,,,,False,,1,,,,-1,-0.010590806422717702
1762681491.033476000,172.17.22.36,239.255.255.250,698,,60607.0,17,0.000000000,,684,,,,,False,,1,,,,-1,-0.0032805495269225826
1762681491.237390000,172.17.21.242,172.17.23.255,82,,56401.0,17,0.000000000,,68,,,,,False,,128,,,,-1,-0.022194106632381194
1762681491.237390000,172.17.21.242,255.255.255.255,82,,56402.0,17,0.000000000,,68,,,,,False,,128,,,,-1,-0.022194106632381194
1762681491.237390000,172.17.21.242,172.17.23.255,82,,56401.0,17,0.000000000,,68,,,,,False,,128,,,,-1,-0.022194106632381194
1762681491.237390000,172.17.21.242,255.255.255.255,82,,56402.0,17,0.000000000,,68,,,,,False,,128,,,,-1,-0.022194106632381194
1762681491.443339000,172.17.18.156,239.255.255.250,212,,58874.0,17,0.000000000,,198,,,,,False,,1,,*,,-1,-0.012269538463713814
1762681491.448854000,172.17.19.207,116.119.82.160,54,49357.0,,6,0.000306000,0x0011,40,,6,1,65,True,1021,128,,,,-1,-0.011776483382805902
1762681491.448856000,172.17.19.207,116.119.82.160,54,49357.0,,6,0.000002000,0x0010,40,,6,2,65,True,1021,128,1,,,-1,-0.019352248566992802
1762681491.448894000,172.17.19.207,116.119.69.99,54,49366.0,,6,0.000038000,0x0011,40,,12,1,65,True,1021,128,,,,-1,-0.005762297957526918
1762681491.448937000,172.17.19.207,116.119.107.160,54,49365.0,,6,0.000043000,0x0010,40,,10,1,65,True,1021,128,,,,-1,-0.005762297957526918
1762681491.448998000,172.17.19.207,116.119.208.225,54,49364.0,,6,0.000061000,0x0011,40,,13,1,65,True,1021,128,,,,-1,-0.0048845713957423875
1762681491.449002000,172.17.19.207,116.119.202.227,54,49360.0,,6,0.000004000,0x0010,40,,9,1,65,True,1021,128,,,,-1,-0.005762297957526918
1762681491.449018000,172.17.19.207,116.119.92.96,54,49359.0,,6,0.000016000,0x0010,40,,11,1,65,True,1021,128,,,,-1,-0.005762297957526918
1762681491.449031000,172.17.19.207,116.119.69.99,54,49366.0,,6,0.000013000,0x0010,40,,12,2,65,True,1021,128,1,,,-1,-0.014271594881211214
1762681491.449067000,172.17.19.207,116.119.92.163,54,49363.0,,6,0.000036000,0x0010,40,,7,1,65,True,1021,128,,,,-1,-0.008192346289327856
1762681491.449088000,172.17.19.207,116.119.208.225,54,49364.0,,6,0.000021000,0x0010,40,,13,2,65,True,1021,128,1,,,-1,-0.013380481568749603
1762681491.449088000,172.17.19.207,116.119.202.227,54,49360.0,,6,0.000000000,0x0011,40,,9,1,65,True,1021,128,,,,-1,-0.005762297957526918
1762681491.449116000,172.17.19.207,116.119.92.227,54,49361.0,,6,0.000028000,0x0010,40,,8,1,65,True,1021,128,,,,-1,-0.008192346289327856
1762681491.449159000,172.17.19.207,116.119.107.160,54,49365.0,,6,0.000043000,0x0011,40,,10,1,65,True,1021,128,,,,-1,-0.005762297957526918
1762681491.449162000,172.17.19.207,116.119.92.36,54,51682.0,,6,0.000003000,0x0010,40,,16,1,65,True,1023,128,,,,-1,-0.0013337410321024867
1762681491.449230000,172.17.19.207,116.119.92.96,54,49359.0,,6,0.000068000,0x0011,40,,11,1,65,True,1021,128,,,,-1,-0.005762297957526918
1762681491.449292000,172.17.19.207,116.119.92.163,54,49363.0,,6,0.000062000,0x0011,40,,7,1,65,True,1021,128,,,,-1,-0.008192346289327856
1762681491.449315000,172.17.19.207,116.119.92.227,54,49361.0,,6,0.000023000,0x0011,40,,8,1,65,True,1021,128,,,,-1,-0.008192346289327856
1762681491.449376000,172.17.19.207,116.119.92.36,54,51682.0,,6,0.000061000,0x0011,40,,16,1,65,True,1023,128,,,,-1,-0.0013337410321024867
1762681491.649463000,172.17.23.159,224.0.0.252,75,,59043.0,17,0.000000000,,61,,,,,False,,1,,,,-1,-0.01339033595027117
1762681491.649463000,172.17.21.242,255.255.255.255,82,,56402.0,17,0.000000000,,68,,,,,False,,128,,,,-1,-0.022194106632381194
1762681491.649463000,172.17.21.242,172.17.23.255,82,,56401.0,17,0.000000000,,68,,,,,False,,128,,,,-1,-0.022194106632381194
1762681491.649463000,172.17.16.105,172.17.23.255,82,,54698.0,17,0.000000000,,68,,,,,False,,128,,,,-1,-0.022194106632381194
1762681491.851480000,172.17.22.36,239.255.255.250,698,,60607.0,17,0.202017000,,684,,,,,False,,1,,,,-1,-0.0006744217832784782
1762681491.851480000,172.17.21.242,172.17.23.255,82,,56401.0,17,0.000000000,,68,,,,,False,,128,,,,-1,-0.022194106632381194
1762681491.851480000,172.17.21.242,255.255.255.255,82,,56402.0,17,0.000000000,,68,,,,,False,,128,,,,-1,-0.022194106632381194
1762681492.009483000,172.17.19.207,192.34.20.166,55,62982.0,,6,0.158003000,0x0010,41,,38,1,1,True,255,128,,,,-1,-0.011334545674868024
1762681492.065214000,172.17.23.159,224.0.0.252,75,,59043.0,17,0.000000000,,61,,,,,False,,1,,,,-1,-0.01339033595027117
1762681492.065214000,172.17.21.242,172.17.23.255,82,,56401.0,17,0.000000000,,68,,,,,False,,128,,,,-1,-0.022194106632381194
1762681492.065214000,172.17.21.242,255.255.255.255,82,,56402.0,17,0.000000000,,68,,,,,False,,128,,,,-1,-0.022194106632381194
1762681492.261632000,172.17.21.242,172.17.23.255,82,,56401.0,17,0.196418000,,68,,,,,False,,128,,,,-1,-0.017524850641420064
1762681492.261632000,172.17.21.242,255.255.255.255,82,,56402.0,17,0.000000000,,68,,,,,False,,128,,,,-1,-0.022194106632381194
1762681492.261729000,172.17.19.207,13.107.213.58,54,59121.0,,6,0.000097000,0x0010,40,,39,1,65,True,255,128,,,,-1,-0.009064602136834243
1762681492.262024000,172.17.19.207,13.107.213.58,54,59121.0,,6,0.000295000,0x0011,40,,39,1,65,True,255,128,,,,-1,-0.009064602136834243
1762681492.304379000,172.17.19.207,35.190.80.1,1292,,62988.0,17,0.035431000,,1278,,,,,True,,128,,,,-1,-0.009842922751940875
1762681492.304529000,172.17.19.207,35.190.80.1,1292,,62988.0,17,0.000150000,,1278,,,,,True,,128,,,,-1,-0.011296298787451309
1762681492.305292000,172.17.19.207,35.190.80.1,1292,,62222.0,17,0.000763000,,1278,,,,,True,,128,,,,-1,-0.011296298787451309
1762681492.305359000,172.17.19.207,35.190.80.1,1292,,62222.0,17,0.000067000,,1278,,,,,True,,128,,,,-1,-0.011296298787451309
1762681492.305468000,172.17.19.207,142.251.221.164,71,,61087.0,17,0.000109000,,57,,,,,True,,128,,,,-1,-0.022194106632381194
1762681492.305701000,172.17.19.207,35.190.80.1,205,65027.0,,6,0.000233000,0x0018,191,,40,1,1,True,252,128,,,,-1,-0.012358821709891443
1762681492.305766000,172.17.19.207,35.190.80.1,93,65027.0,,6,0.000065000,0x0018,79,,40,152,1,True,252,128,,,,-1,-0.015679709550877607
1762681492.305824000,172.17.19.207,35.190.80.1,212,58564.0,,6,0.000058000,0x0018,198,,41,1,1,True,254,128,,,,-1,-0.0035475721799635984
1762681492.305849000,172.17.19.207,35.190.80.1,93,58564.0,,6,0.000025000,0x0018,79,,41,159,1,True,254,128,,,,-1,-0.0068166266679478005
1762681492.333520000,172.17.19.207,35.190.80.1,1292,,62222.0,17,0.017177000,,1278,,,,,True,,128,,,,-1,-0.011296298787451309
1762681492.333744000,172.17.19.207,35.190.80.1,1292,,62988.0,17,0.000163000,,1278,,,,,True,,128,,,,-1,-0.011296298787451309
1762681492.334496000,172.17.19.207,35.190.80.1,205,,62988.0,17,0.000752000,,191,,,,,True,,128,,,,-1,-0.021055862150932247
1762681492.341579000,172.17.19.207,35.190.80.1,207,,62988.0,17,0.000768000,,193,,,,,True,,128,,,,-1,-0.021055862150932247
1762681492.343168000,172.17.19.207,35.190.80.1,208,,62222.0,17,0.001174000,,194,,,,,True,,128,,,,-1,-0.021055862150932247
1762681492.343324000,172.17.19.207,35.190.80.1,210,,62222.0,17,0.000156000,,196,,,,,True,,128,,,,-1,-0.021055862150932247
1762681492.344873000,172.17.19.207,35.190.80.1,75,,62988.0,17,0.000443000,,61,,,,,True,,128,,,,-1,-0.022194106632381194
1762681492.344981000,172.17.19.207,35.190.80.1,75,,62988.0,17,0.000108000,,61,,,,,True,,128,,,,-1,-0.022194106632381194
1762681492.350606000,172.17.19.207,35.190.80.1,75,,62222.0,17,0.000487000,,61,,,,,True,,128,,,,-1,-0.022194106632381194
1762681492.351372000,172.17.19.207,35.190.80.1,75,,62222.0,17,0.000441000,,61,,,,,True,,128,,,,-1,-0.022194106632381194
1762681492.365491000,172.17.19.207,35.190.80.1,54,65027.0,,6,0.014119000,0x0010,40,,40,191,40,True,252,128,,,,-1,-0.017963328385895316
1762681492.365598000,172.17.19.207,35.190.80.1,54,58564.0,,6,0.000107000,0x0010,40,,41,198,40,True,253,128,,,,-1,-0.009064602136834243
1762681492.399072000,172.17.19.207,172.17.23.255,86,,57621.0,17,0.033474000,,72,,,,,False,,128,,,,-1,-0.020712621110079987
1762681492.413440000,172.17.19.207,192.34.20.166,55,62983.0,,6,0.010805000,0x0010,41,,42,1,1,True,255,128,,,,-1,-0.01196178017332894
1762681492.474413000,172.17.18.156,239.255.255.250,212,,58874.0,17,0.000000000,,198,,,,,False,,1,,*,,-1,-0.012269538463713814
1762681492.570485000,172.17.19.207,35.190.80.1,93,58564.0,,6,0.001764000,0x0018,79,,41,198,122,True,253,128,,,,-1,-0.0068166266679478005
1762681492.570597000,172.17.19.207,35.190.80.1,89,58564.0,,6,0.000112000,0x0018,75,,41,237,122,True,253,128,,,,-1,-0.0068166266679478005
1762681492.570921000,172.17.19.207,35.190.80.1,1288,,62222.0,17,0.000324000,,1274,,,,,True,,128,,,,-1,-0.011296298787451309
1762681492.570981000,172.17.19.207,35.190.80.1,1292,,62222.0,17,0.000060000,,1278,,,,,True,,128,,,,-1,-0.011296298787451309
1762681492.571020000,172.17.19.207,35.190.80.1,358,,62222.0,17,0.000039000,,344,,,,,True,,128,,,,-1,-0.01960606539111376
1762681492.571074000,172.17.19.207,35.190.80.1,93,65027.0,,6,0.000054000,0x0018,79,,40,191,122,True,252,128,,,,-1,-0.015679709550877607
1762681492.571104000,172.17.19.207,35.190.80.1,89,65027.0,,6,0.000030000,0x0018,75,,40,230,122,True,252,128,,,,-1,-0.015679709550877607
1762681492.571276000,172.17.19.207,35.190.80.1,836,,62988.0,17,0.000172000,,822,,,,,True,,128,,,,-1,-0.007803202244877849
1762681492.615149000,172.17.19.207,35.190.80.1,74,,62222.0,17,0.036811000,,60,,,,,True,,128,,,,-1,-0.020712621110079987
1762681492.615323000,172.17.19.207,35.190.80.1,74,,62988.0,17,0.000174000,,60,,,,,True,,128,,,,-1,-0.022194106632381194
1762681492.616098000,172.17.19.207,35.190.80.1,75,,62222.0,17,0.000413000,,61,,,,,True,,128,,,,-1,-0.022194106632381194
1762681492.621133000,172.17.19.207,35.190.80.1,75,,62988.0,17,0.000663000,,61,,,,,True,,128,,,,-1,-0.022194106632381194
1762681492.673319000,172.17.22.36,239.255.255.250,698,,60607.0,17,0.000000000,,684,,,,,False,,1,,,,-1,-0.0032805495269225826
1762681492.720153000,172.17.19.207,239.255.255.250,167,,57594.0,17,0.046834000,,153,,,,,False,,255,,*,,-1,-0.01996427661627842
1762681492.879387000,172.17.19.207,35.190.80.1,79,,62988.0,17,0.000515000,,65,,,,,True,,128,,,,-1,-0.022194106632381194
1762681492.879526000,172.17.19.207,35.190.80.1,77,,62988.0,17,0.000139000,,63,,,,,True,,128,,,,-1,-0.022194106632381194
1762681492.879726000,172.17.19.207,35.190.80.1,79,,62222.0,17,0.000200000,,65,,,,,True,,128,,,,-1,-0.022194106632381194
1762681492.879793000,172.17.19.207,35.190.80.1,77,,62222.0,17,0.000067000,,63,,,,,True,,128,,,,-1,-0.022194106632381194
1762681492.922994000,172.17.19.207,35.190.80.1,72,,62222.0,17,0.043201000,,58,,,,,True,,128,,,,-1,-0.020712621110079987
1762681492.923337000,172.17.19.207,35.190.80.1,72,,62988.0,17,0.000343000,,58,,,,,True,,128,,,,-1,-0.022194106632381194
1762681492.951122000,172.17.19.207,35.190.80.1,79,,62222.0,17,0.000376000,,65,,,,,True,,128,,,,-1,-0.022194106632381194
1762681492.951324000,172.17.19.207,35.190.80.1,79,,62988.0,17,0.000202000,,65,,,,,True,,128,,,,-1,-0.022194106632381194
1762681493.002956000,172.17.19.207,35.190.80.1,72,,62222.0,17,0.051632000,,58,,,,,True,,128,,,,-1,-0.020712621110079987
1762681493.003209000,172.17.19.207,35.190.80.1,72,,62988.0,17,0.000253000,,58,,,,,True,,128,,,,-1,-0.022194106632381194
1762681493.035107000,172.17.19.207,35.190.80.1,1292,,50310.0,17,0.031898000,,1278,,,,,True,,128,,,,-1,-0.009842922751940875
1762681493.035282000,172.17.19.207,35.190.80.1,1292,,65529.0,17,0.000175000,,1278,,,,,True,,128,,,,-1,-0.011296298787451309
1762681493.081366000,172.17.18.50,239.255.255.250,143,,54805.0,17,0.000000000,,129,,,,,False,,4,,*,,-1,-0.011506277390896047
1762681493.120324000,172.17.19.207,35.190.80.1,81,,62222.0,17,0.000693000,,67,,,,,True,,128,,,,-1,-0.022194106632381194
1762681493.126779000,172.17.19.207,35.190.80.1,81,,62988.0,17,0.000320000,,67,,,,,True,,128,,,,-1,-0.022194106632381194
1762681493.162528000,172.17.19.207,35.190.80.1,72,,62222.0,17,0.035749000,,58,,,,,True,,128,,,,-1,-0.020712621110079987
1762681493.162707000,172.17.19.207,35.190.80.1,72,,62988.0,17,0.000179000,,58,,,,,True,,128,,,,-1,-0.022194106632381194
1762681493.346261000,172.17.19.207,35.190.80.1,1292,,50310.0,17,0.055174000,,1278,,,,,True,,128,,,,-1,-0.009842922751940875
1762681493.346403000,172.17.19.207,35.190.80.1,1292,,65529.0,17,0.000142000,,1278,,,,,True,,128,,,,-1,-0.011296298787451309
1762681493.465405000,172.17.19.207,35.190.80.1,72,,62222.0,17,0.119002000,,58,,,,,True,,128,,,,-1,-0.017363973054719373
1762681493.468407000,172.17.19.207,35.190.80.1,83,,62222.0,17,0.000335000,,69,,,,,True,,128,,,,-1,-0.022194106632381194
1762681493.474837000,172.17.19.207,35.190.80.1,83,,62988.0,17,0.000522000,,69,,,,,True,,128,,,,-1,-0.022194106632381194
1762681493.474988000,172.17.19.207,35.190.80.1,72,,62988.0,17,0.000151000,,58,,,,,True,,128,,,,-1,-0.022194106632381194
1762681493.550562000,172.17.19.207,35.186.224.24,1288,,55494.0,17,0.057697000,,1274,,,,,True,,128,,,,-1,-0.009842922751940875
1762681493.550707000,172.17.19.207,35.186.224.24,813,,55494.0,17,0.000145000,,799,,,,,True,,128,,,,-1,-0.008940957354589774
1762681493.594546000,172.17.19.207,35.186.224.24,1288,,55494.0,17,0.043839000,,1274,,,,,True,,128,,,,-1,-0.009842922751940875
1762681493.657755000,172.17.19.207,35.190.80.1,1292,,50310.0,17,0.063209000,,1278,,,,,True,,128,,,,-1,-0.009842922751940875
1762681493.658010000,172.17.19.207,35.190.80.1,1292,,65529.0,17,0.000255000,,1278,,,,,True,,128,,,,-1,-0.011296298787451309
1762681493.675969000,172.17.19.207,35.186.224.24,813,,55494.0,17,0.017959000,,799,,,,,True,,128,,,,-1,-0.008940957354589774
1762681493.695926000,172.17.22.36,239.255.255.250,698,,60607.0,17,0.000000000,,684,,,,,False,,1,,,,-1,-0.0032805495269225826
1762681493.706111000,172.17.19.207,35.186.224.24,1292,,53105.0,17,0.010185000,,1278,,,,,True,,128,,,,-1,-0.011296298787451309
1762681493.823933000,172.17.19.207,35.186.224.24,1288,,55494.0,17,0.117822000,,1274,,,,,True,,128,,,,-1,-0.006439271118547474
1762681493.855684000,172.17.19.207,35.223.238.178,55,64842.0,,6,0.031751000,0x0010,41,,44,1,1,True,250,128,,,,-1,-0.017497777661546365
1762681493.973069000,172.17.19.207,35.190.80.1,71,,62222.0,17,0.067306000,,57,,,,,True,,128,,,,-1,-0.019049806395469937
1762681493.973252000,172.17.19.207,35.190.80.1,71,,62988.0,17,0.000183000,,57,,,,,True,,128,,,,-1,-0.022194106632381194
1762681494.012411000,172.17.19.207,35.186.224.24,1292,,53105.0,17,0.039159000,,1278,,,,,True,,128,,,,-1,-0.009842922751940875
1762681494.123236000,172.17.19.207,35.186.224.24,813,,55494.0,17,0.016575000,,799,,,,,True,,128,,,,-1,-0.008940957354589774
1762681494.144573000,172.17.19.207,35.190.80.1,85,,62222.0,17,0.000431000,,71,,,,,True,,128,,,,-1,-0.022194106632381194
1762681494.171537000,172.17.19.207,35.190.80.1,85,,62988.0,17,0.000476000,,71,,,,,True,,128,,,,-1,-0.022194106632381194
1762681494.322623000,172.17.19.207,35.186.224.24,1292,,53105.0,17,0.013680000,,1278,,,,,True,,128,,,,-1,-0.011296298787451309
1762681494.410191000,172.17.19.207,35.223.238.178,55,64843.0,,6,0.087568000,0x0010,41,,45,1,1,True,509,128,,,,-1,-0.01601518137750091
1762681494.513616000,172.17.22.188,239.255.255.250,212,,49822.0,17,0.000000000,,198,,,,,False,,1,,*,,-1,-0.00947555694270552
1762681494.530967000,172.17.19.207,172.17.16.1,66,62553.0,,6,0.017351000,0x0002,52,,46,0,0,True,65535,128,,,,-1,-0.015245442087993832
1762681494.531238000,172.17.19.207,172.17.16.1,66,62554.0,,6,0.000271000,0x0002,52,,47,0,0,True,65535,128,,,,-1,-0.013355203536469129
1762681494.567017000,172.17.19.207,35.190.80.1,72,,62222.0,17,0.035779000,,58,,,,,True,,128,,,,-1,-0.020712621110079987
1762681494.599528000,172.17.19.207,35.190.80.1,72,,62988.0,17,0.032511000,,58,,,,,True,,128,,,,-1,-0.020712621110079987
1762681494.624134000,172.17.19.207,35.186.224.24,71,,55494.0,17,0.024606000,,57,,,,,True,,128,,,,-1,-0.020712621110079987
1762681494.728063000,172.17.22.36,239.255.255.250,698,,60607.0,17,0.000000000,,684,,,,,False,,1,,,,-1,-0.0032805495269225826
1762681495.224797000,172.17.19.207,35.186.224.24,1288,,55494.0,17,0.096604000,,1274,,,,,True,,128,,,,-1,-0.006817343124839059
