frame.time_epoch,ip.src,ip.dst,frame.len,tcp.port,udp.port,ip.proto,frame.time_delta,tcp.flags,ip.len,icmp.type,tcp.stream,tcp.seq,tcp.ack,ip.flags.df,tcp.window_size,ip.ttl,tcp.analysis.flags,http.request.uri,http.response.code
"1762687573.062587000","172.17.20.17","172.17.23.255","82",,"57496,1947","17",,,"68",,,,,"False",,"128",,,
"1762687573.062587000","172.17.20.17","255.255.255.255","82",,"57497,1947","17","0.000000000",,"68",,,,,"False",,"128",,,
"1762687573.062587000","172.17.18.118","224.0.0.251","266",,"5353,5353","17","0.000000000",,"252",,,,,"False",,"255",,,
"1762687573.063116000",,,"286",,"5353,5353",,"0.000529000",,,,,,,,,,,,
"1762687573.063638000",,,"60",,,,"0.000522000",,,,,,,,,,,,
"1762687573.063662000",,,"60",,,,"0.000024000",,,,,,,,,,,,
"1762687573.063758000",,,"56",,,,"0.000096000",,,,,,,,,,,,
"1762687573.267344000",,,"60",,,,"0.203586000",,,,,,,,,,,,
"1762687573.267344000","172.17.20.17","255.255.255.255","82",,"57497,1947","17","0.000000000",,"68",,,,,"False",,"128",,,
"1762687573.267344000","172.17.20.17","172.17.23.255","82",,"57496,1947","17","0.000000000",,"68",,,,,"False",,"128",,,
"1762687573.267499000",,,"60",,,,"0.000155000",,,,,,,,,,,,
"1762687573.267552000",,,"60",,,,"0.000053000",,,,,,,,,,,,
"1762687573.267864000",,,"60",,,,"0.000312000",,,,,,,,,,,,
"1762687573.267958000",,,"60",,,,"0.000094000",,,,,,,,,,,,
"1762687573.431115000","172.17.19.207","239.255.255.250","212",,"65162,1900","17","0.163157000",,"198",,,,,"False",,"1",,"*",
"1762687573.472002000",,,"60",,,,"0.040887000",,,,,,,,,,,,
"1762687573.472002000",,,"60",,,,"0.000000000",,,,,,,,,,,,
"1762687573.472201000","172.17.20.17","255.255.255.255","82",,"57497,1947","17","0.000199000",,"68",,,,,"False",,"128",,,
"1762687573.472370000","172.17.16.205","224.0.0.251","82",,"5353,5353","17","0.000169000",,"68",,,,,"True",,"1",,,
"1762687573.473177000","172.17.16.205","224.0.0.251","82",,"5353,5353","17","0.000807000",,"68",,,,,"True",,"1",,,
"1762687573.473177000",,,"56",,,,"0.000000000",,,,,,,,,,,,
"1762687573.473177000","172.17.21.206","224.0.0.251","122",,"5353,5353","17","0.000000000",,"108",,,,,"False",,"255",,,
"1762687573.473177000",,,"142",,"5353,5353",,"0.000000000",,,,,,,,,,,,
"1762687573.676672000",,,"60",,,,"0.203495000",,,,,,,,,,,,
"1762687573.676672000","172.17.20.17","172.17.23.255","82",,"57496,1947","17","0.000000000",,"68",,,,,"False",,"128",,,
"1762687573.677035000","172.17.20.17","255.255.255.255","82",,"57497,1947","17","0.000363000",,"68",,,,,"False",,"128",,,
"1762687573.677147000","172.17.21.11","224.0.0.251","84",,"5353,5353","17","0.000112000",,"70",,,,,"False",,"1",,,
"1762687573.677768000","172.17.21.11","224.0.0.251","359",,"5353,5353","17","0.000621000",,"345",,,,,"False",,"1",,,
"1762687573.677768000",,,"379",,"5353,5353",,"0.000000000",,,,,,,,,,,,
"1762687573.677768000",,,"104",,"5353,5353",,"0.000000000",,,,,,,,,,,,
"1762687573.679337000","172.17.21.11","224.0.0.251","84",,"5353,5353","17","0.001569000",,"70",,,,,"False",,"1",,,
"1762687573.679337000",,,"104",,"5353,5353",,"0.000000000",,,,,,,,,,,,
"1762687573.679337000",,,"101",,"39123,5353",,"0.000000000",,,,,,,,,,,,
"1762687573.679337000","172.17.23.69","224.0.0.251","81",,"41761,5353","17","0.000000000",,"67",,,,,"True",,"255",,,
"1762687573.679337000","172.17.21.11","224.0.0.251","359",,"5353,5353","17","0.000000000",,"345",,,,,"False",,"1",,,
"1762687573.679337000",,,"379",,"5353,5353",,"0.000000000",,,,,,,,,,,,
"1762687573.679337000","172.17.21.11","224.0.0.251","359",,"5353,5353","17","0.000000000",,"345",,,,,"False",,"1",,,
"1762687573.681289000",,,"379",,"5353,5353",,"0.001952000",,,,,,,,,,,,
"1762687573.681715000","172.17.21.11","224.0.0.251","359",,"5353,5353","17","0.000426000",,"345",,,,,"False",,"1",,,
"1762687573.682008000",,,"379",,"5353,5353",,"0.000293000",,,,,,,,,,,,
"1762687573.705463000","172.17.19.207","20.50.73.8","66","49823,443",,"6","0.023455000","0x0002","52",,"0","0","0","True","65535","128",,,
"1762687573.882758000","172.17.20.17","172.17.23.255","82",,"57496,1947","17","0.177295000",,"68",,,,,"False",,"128",,,
"1762687573.882758000","172.17.20.17","255.255.255.255","82",,"57497,1947","17","0.000000000",,"68",,,,,"False",,"128",,,
"1762687573.882758000",,,"60",,,,"0.000000000",,,,,,,,,,,,
"1762687573.882758000","172.17.22.191","224.0.0.251","338",,"5353,5353","17","0.000000000",,"324",,,,,"False",,"1",,,
"1762687573.883458000",,,"358",,"5353,5353",,"0.000700000",,,,,,,,,,,,
"1762687573.883458000","172.17.22.191","224.0.0.251","338",,"5353,5353","17","0.000000000",,"324",,,,,"False",,"1",,,
"1762687573.884429000",,,"358",,"5353,5353",,"0.000971000",,,,,,,,,,,,
"1762687573.884429000","172.17.22.191","224.0.0.251","338",,"5353,5353","17","0.000000000",,"324",,,,,"False",,"1",,,
"1762687573.884429000",,,"358",,"5353,5353",,"0.000000000",,,,,,,,,,,,
"1762687573.884429000",,,"60",,,,"0.000000000",,,,,,,,,,,,
"1762687573.884429000","172.17.20.245","224.0.0.251","87",,"5353,5353","17","0.000000000",,"73",,,,,"False",,"255",,,
"1762687573.885748000","172.17.21.74","224.0.0.251","332",,"5353,5353","17","0.001319000",,"318",,,,,"False",,"1",,,
"1762687573.885748000",,,"352",,"5353,5353",,"0.000000000",,,,,,,,,,,,
"1762687573.885748000",,,"60",,,,"0.000000000",,,,,,,,,,,,
"1762687573.885748000","172.17.21.74","224.0.0.251","332",,"5353,5353","17","0.000000000",,"318",,,,,"False",,"1",,,
"1762687573.886669000","172.17.21.74","224.0.0.251","332",,"5353,5353","17","0.000921000",,"318",,,,,"False",,"1",,,
"1762687573.886669000",,,"352",,"5353,5353",,"0.000000000",,,,,,,,,,,,
"1762687573.886669000",,,"352",,"5353,5353",,"0.000000000",,,,,,,,,,,,
"1762687573.886669000","172.17.21.74","224.0.0.251","332",,"5353,5353","17","0.000000000",,"318",,,,,"False",,"1",,,
"1762687573.887723000",,,"352",,"5353,5353",,"0.001054000",,,,,,,,,,,,
"1762687573.888543000","20.50.73.8","172.17.19.207","66","443,49823",,"6","0.000820000","0x0012","52",,"0","0","1","True","65535","110",,,
"1762687573.888678000","172.17.19.207","20.50.73.8","54","49823,443",,"6","0.000135000","0x0010","40",,"0","1","1","True","65280","128",,,
"1762687573.889118000","172.17.19.207","20.50.73.8","571","49823,443",,"6","0.000440000","0x0018","557",,"0","1","1","True","65280","128",,,
"1762687574.086508000","172.17.20.17","172.17.23.255","82",,"57496,1947","17","0.197390000",,"68",,,,,"False",,"128",,,
"1762687574.086508000","172.17.20.17","255.255.255.255","82",,"57497,1947","17","0.000000000",,"68",,,,,"False",,"128",,,
"1762687574.086676000",,,"286",,"5353,5353",,"0.000168000",,,,,,,,,,,,
"1762687574.087305000",,,"60",,,,"0.000629000",,,,,,,,,,,,
"1762687574.087446000",,,"56",,,,"0.000141000",,,,,,,,,,,,
"1762687574.087446000",,,"56",,,,"0.000000000",,,,,,,,,,,,
"1762687574.089200000","20.50.73.8","172.17.19.207","153","443,49823",,"6","0.001754000","0x0018","139",,"0","1","518","True","4194048","110",,,
"1762687574.090965000","172.17.19.207","20.50.73.8","491","49823,443",,"6","0.001765000","0x0018","477",,"0","518","100","True","65280","128",,,
"1762687574.291315000",,,"60",,,,"0.200350000",,,,,,,,,,,,
"1762687574.291315000",,,"56",,,,"0.000000000",,,,,,,,,,,,
"1762687574.291315000","172.17.20.17","172.17.23.255","82",,"57496,1947","17","0.000000000",,"68",,,,,"False",,"128",,,
"1762687574.293685000",,,"60",,,,"0.002370000",,,,,,,,,,,,
"1762687574.293685000",,,"60",,,,"0.000000000",,,,,,,,,,,,
"1762687574.293685000","20.50.73.8","172.17.19.207","4434","443,49823",,"6","0.000000000","0x0010","4420",,"0","100","955","True","4193536","110",,,
"1762687574.293685000","20.50.73.8","172.17.19.207","164","443,49823",,"6","0.000000000","0x0018","150",,"0","4480","955","True","4193536","110",,,
"1762687574.293923000","172.17.19.207","20.50.73.8","54","49823,443",,"6","0.000238000","0x0010","40",,"0","955","4590","True","65280","128",,,
"1762687574.297086000","172.17.19.207","20.50.73.8","2139","49823,443",,"6","0.003163000","0x0018","2125",,"0","955","4590","True","65280","128",,,
"1762687574.326611000","172.17.19.207","35.223.238.178","370","64979,443",,"6","0.029525000","0x0018","356",,"1","1","1","True","250","128",,,
"1762687574.326724000","172.17.19.207","35.223.238.178","3348","64979,443",,"6","0.000113000","0x0018","3334",,"1","317","1","True","250","128",,,
"1762687574.422403000","172.17.19.207","104.26.6.95","121","53369,443",,"6","0.095679000","0x0018","107",,"2","1","1","True","251","128",,,
"1762687574.427963000","104.26.6.95","172.17.19.207","54","443,53369",,"6","0.005560000","0x0010","40",,"2","1","68","True","17","53",,,
"1762687574.432435000","172.17.19.207","239.255.255.250","212",,"65162,1900","17","0.004472000",,"198",,,,,"False",,"1",,"*",
"1762687574.465920000","20.50.73.8","172.17.19.207","54","443,49823",,"6","0.033485000","0x0010","40",,"0","4590","3040","True","4194560","110",,,
"1762687574.465920000","20.50.73.8","172.17.19.207","157","443,49823",,"6","0.000000000","0x0018","143",,"0","4590","3040","True","4194560","110",,,
"1762687574.465920000","20.50.73.8","172.17.19.207","518","443,49823",,"6","0.000000000","0x0019","504",,"0","4693","3040","True","4194560","110",,,
"1762687574.466106000","172.17.19.207","20.50.73.8","54","49823,443",,"6","0.000186000","0x0010","40",,"0","3040","5158","True","64768","128",,,
"1762687574.467014000","172.17.19.207","20.50.73.8","78","49823,443",,"6","0.000908000","0x0018","64",,"0","3040","5158","True","64768","128",,,
"1762687574.467188000","172.17.19.207","20.50.73.8","54","49823,443",,"6","0.000174000","0x0011","40",,"0","3064","5158","True","64768","128",,,
"1762687574.496035000",,,"56",,,,"0.028847000",,,,,,,,,,,,
"1762687574.496035000","172.17.20.17","172.17.23.255","82",,"57496,1947","17","0.000000000",,"68",,,,,"False",,"128",,,
"1762687574.496035000","172.17.20.17","255.255.255.255","82",,"57497,1947","17","0.000000000",,"68",,,,,"False",,"128",,,
"1762687574.496775000","172.17.21.206","224.0.0.251","296",,"5353,5353","17","0.000740000",,"282",,,,,"False",,"255",,,
"1762687574.496775000",,,"316",,"5353,5353",,"0.000000000",,,,,,,,,,,,
"1762687574.496775000",,,"60",,,,"0.000000000",,,,,,,,,,,,
"1762687574.599619000","35.223.238.178","172.17.19.207","54","443,64979",,"6","0.102844000","0x0010","40",,"1","1","3611","True","291","54",,,
"1762687574.599619000","35.223.238.178","172.17.19.207","357","443,64979",,"6","0.000000000","0x0018","343",,"1","1","3611","True","291","54",,,
"1762687574.634555000","20.50.73.8","172.17.19.207","54","443,49823",,"6","0.034936000","0x0010","40",,"0","5158","3065","True","4194304","110",,,
"1762687574.655534000","172.17.19.207","35.223.238.178","54","64979,443",,"6","0.020979000","0x0010","40",,"1","3611","304","True","255","128",,,
"1762687574.665518000","104.26.6.95","172.17.19.207","313","443,53369",,"6","0.009984000","0x0018","299",,"2","1","68","True","17","53",,,
"1762687574.666397000","104.26.6.95","172.17.19.207","176","443,53369",,"6","0.000879000","0x0018","162",,"2","260","68","True","17","53",,,
"1762687574.666514000","172.17.19.207","104.26.6.95","54","53369,443",,"6","0.000117000","0x0010","40",,"2","68","382","True","255","128",,,
"1762687574.666857000","104.26.6.95","172.17.19.207","85","443,53369",,"6","0.000343000","0x0018","71",,"2","382","68","True","17","53",,,
"1762687574.667842000","172.17.19.207","104.26.6.95","89","53369,443",,"6","0.000985000","0x0018","75",,"2","68","413","True","255","128",,,
"1762687574.673466000","104.26.6.95","172.17.19.207","54","443,53369",,"6","0.005624000","0x0010","40",,"2","413","103","True","17","53",,,
"1762687574.701078000","172.17.23.135","224.0.0.251","135",,"5353,5353","17","0.027612000",,"121",,,,,"True",,"255",,,
"1762687574.701078000",,,"155",,"5353,5353",,"0.000000000",,,,,,,,,,,,
"1762687574.701078000",,,"60",,,,"0.000000000",,,,,,,,,,,,
"1762687574.701078000","172.17.20.17","255.255.255.255","82",,"57497,1947","17","0.000000000",,"68",,,,,"False",,"128",,,
"1762687574.701999000","172.17.20.17","172.17.23.255","82",,"57496,1947","17","0.000921000",,"68",,,,,"False",,"128",,,
"1762687574.702088000",,,"60",,,,"0.000089000",,,,,,,,,,,,
"1762687574.702088000",,,"60",,,,"0.000000000",,,,,,,,,,,,
"1762687574.905342000",,,"56",,,,"0.203254000",,,,,,,,,,,,
"1762687574.905427000",,,"60",,,,"0.000085000",,,,,,,,,,,,
"1762687574.905997000","172.17.20.17","255.255.255.255","82",,"57497,1947","17","0.000570000",,"68",,,,,"False",,"128",,,
"1762687574.905997000","172.17.20.17","172.17.23.255","82",,"57496,1947","17","0.000000000",,"68",,,,,"False",,"128",,,
"1762687574.905997000",,,"56",,,,"0.000000000",,,,,,,,,,,,
"1762687574.906273000",,,"56",,,,"0.000276000",,,,,,,,,,,,
"1762687574.906273000",,,"60",,,,"0.000000000",,,,,,,,,,,,
"1762687574.906448000",,,"60",,,,"0.000175000",,,,,,,,,,,,
"1762687575.110208000","172.17.20.17","255.255.255.255","82",,"57497,1947","17","0.203760000",,"68",,,,,"False",,"128",,,
"1762687575.110409000","172.17.20.17","172.17.23.255","82",,"57496,1947","17","0.000201000",,"68",,,,,"False",,"128",,,
"1762687575.110498000",,,"60",,,,"0.000089000",,,,,,,,,,,,
"1762687575.110536000","172.17.17.58","224.0.0.251","103",,"5353,5353","17","0.000038000",,"89",,,,,"True",,"255",,,
"1762687575.110881000",,,"123",,"5353,5353",,"0.000345000",,,,,,,,,,,,
"1762687575.315068000","172.17.20.17","172.17.23.255","82",,"57496,1947","17","0.204187000",,"68",,,,,"False",,"128",,,
"1762687575.315068000","172.17.20.17","255.255.255.255","82",,"57497,1947","17","0.000000000",,"68",,,,,"False",,"128",,,
"1762687575.403424000","172.17.19.207","140.82.114.22","66","49843,443",,"6","0.088356000","0x0002","52",,"3","0","0","True","65535","128",,,
"1762687575.416487000","172.17.19.207","140.82.114.22","66","49844,443",,"6","0.013063000","0x0002","52",,"4","0","0","True","65535","128",,,
"1762687575.521165000",,,"56",,,,"0.104678000",,,,,,,,,,,,
"1762687575.521518000","172.17.20.17","255.255.255.255","82",,"57497,1947","17","0.000353000",,"68",,,,,"False",,"128",,,
"1762687575.521612000",,,"56",,,,"0.000094000",,,,,,,,,,,,
"1762687575.521722000",,,"60",,,,"0.000110000",,,,,,,,,,,,
"1762687575.521901000",,,"60",,,,"0.000179000",,,,,,,,,,,,
"1762687575.522060000","172.17.17.163","224.0.0.251","135",,"5353,5353","17","0.000159000",,"121",,,,,"True",,"255",,,
"1762687575.522627000",,,"155",,"5353,5353",,"0.000567000",,,,,,,,,,,,
"1762687575.522627000","172.17.23.135","224.0.0.251","135",,"5353,5353","17","0.000000000",,"121",,,,,"True",,"255",,,
"1762687575.522627000",,,"155",,"5353,5353",,"0.000000000",,,,,,,,,,,,
"1762687575.725185000",,,"60",,,,"0.202558000",,,,,,,,,,,,
"1762687575.725185000",,,"60",,,,"0.000000000",,,,,,,,,,,,
"1762687575.725185000",,,"56",,,,"0.000000000",,,,,,,,,,,,
"1762687575.726608000","140.82.114.22","172.17.19.207","66","443,49843",,"6","0.001423000","0x0012","52",,"3","0","1","True","65535","46",,,
"1762687575.726608000","140.82.114.22","172.17.19.207","66","443,49844",,"6","0.000000000","0x0012","52",,"4","0","1","True","65535","46",,,
"1762687575.726815000","172.17.19.207","140.82.114.22","54","49843,443",,"6","0.000207000","0x0010","40",,"3","1","1","True","65280","128",,,
"1762687575.726887000","172.17.19.207","140.82.114.22","54","49844,443",,"6","0.000072000","0x0010","40",,"4","1","1","True","65280","128",,,
"1762687575.727270000","172.17.19.207","140.82.114.22","571","49844,443",,"6","0.000383000","0x0018","557",,"4","1","1","True","65280","128",,,
"1762687575.727662000","172.17.19.207","140.82.114.22","571","49843,443",,"6","0.000392000","0x0018","557",,"3","1","1","True","65280","128",,,
"1762687575.930868000",,,"60",,,,"0.203206000",,,,,,,,,,,,
"1762687575.930868000",,,"56",,,,"0.000000000",,,,,,,,,,,,
"1762687576.033336000","140.82.114.22","172.17.19.207","2926","443,49843",,"6","0.102468000","0x0018","2912",,"3","1","518","True","67584","46",,,
"1762687576.033336000","140.82.114.22","172.17.19.207","1278","443,49843",,"6","0.000000000","0x0018","1264",,"3","2873","518","True","67584","46",,,
"1762687576.033336000","140.82.114.22","172.17.19.207","1490","443,49843",,"6","0.000000000","0x0010","1476",,"3","4097","518","True","67584","46",,,
"1762687576.033336000","140.82.114.22","172.17.19.207","2926","443,49844",,"6","0.000000000","0x0018","2912",,"4","1","518","True","67584","46",,,
"1762687576.033336000","140.82.114.22","172.17.19.207","1278","443,49844",,"6","0.000000000","0x0018","1264",,"4","2873","518","True","67584","46",,,
"1762687576.033336000","140.82.114.22","172.17.19.207","1490","443,49844",,"6","0.000000000","0x0010","1476",,"4","4097","518","True","67584","46",,,
"1762687576.033336000","140.82.114.22","172.17.19.207","200","443,49843",,"6","0.000000000","0x0018","186",,"3","5533","518","True","67584","46",,,
"1762687576.033336000","140.82.114.22","172.17.19.207","200","443,49844",,"6","0.000000000","0x0018","186",,"4","5533","518","True","67584","46",,,
"1762687576.033581000","172.17.19.207","140.82.114.22","54","49843,443",,"6","0.000245000","0x0010","40",,"3","518","5679","True","65280","128",,,
"1762687576.033669000","172.17.19.207","140.82.114.22","54","49844,443",,"6","0.000088000","0x0010","40",,"4","518","5679","True","65280","128",,,
"1762687576.035938000","172.17.19.207","140.82.114.22","5141","49844,443",,"6","0.002269000","0x0018","5127",,"4","518","5679","True","65280","128",,,
"1762687576.038370000","172.17.19.207","140.82.114.22","4070","49843,443",,"6","0.002432000","0x0018","4056",,"3","518","5679","True","65280","128",,,
"1762687576.134603000",,,"60",,,,"0.096233000",,,,,,,,,,,,
"1762687576.134603000","172.17.18.118","224.0.0.251","266",,"5353,5353","17","0.000000000",,"252",,,,,"False",,"255",,,
"1762687576.134603000",,,"286",,"5353,5353",,"0.000000000",,,,,,,,,,,,
"1762687576.135533000",,,"60",,,,"0.000930000",,,,,,,,,,,,
"1762687576.135591000",,,"60",,,,"0.000058000",,,,,,,,,,,,
"1762687576.339385000","172.17.23.206","172.17.23.255","216",,"138,138","17","0.203794000",,"202",,,,,"False",,"128",,,
"1762687576.339385000","172.17.23.206","172.17.23.255","92",,"137,137","17","0.000000000",,"78",,,,,"False",,"128",,,
"1762687576.340892000","140.82.114.22","172.17.19.207","212","443,49843",,"6","0.001507000","0x0018","198",,"3","5679","1954","True","69632","46",,,
"1762687576.340892000","140.82.114.22","172.17.19.207","54","443,49843",,"6","0.000000000","0x0010","40",,"3","5837","4534","True","75776","46",,,
"1762687576.340892000","140.82.114.22","172.17.19.207","212","443,49844",,"6","0.000000000","0x0018","198",,"4","5679","1954","True","69632","46",,,
"1762687576.340892000","140.82.114.22","172.17.19.207","66","443,49844",,"6","0.000000000","0x0010","52",,"4","5837","3390","True","75776","46",,,
"1762687576.340892000","140.82.114.22","172.17.19.207","54","443,49844",,"6","0.000000000","0x0010","40",,"4","5837","5605","True","78848","46",,,
"1762687576.341101000","172.17.19.207","140.82.114.22","54","49843,443",,"6","0.000209000","0x0010","40",,"3","4534","5837","True","65280","128",,,
"1762687576.341343000","172.17.19.207","140.82.114.22","54","49844,443",,"6","0.000242000","0x0010","40",,"4","5605","5837","True","65280","128",,,
"1762687576.544627000",,,"56",,,,"0.203284000",,,,,,,,,,,,
"1762687576.544627000",,,"60",,,,"0.000000000",,,,,,,,,,,,
"1762687576.544773000",,,"60",,,,"0.000146000",,,,,,,,,,,,
"1762687576.552001000","172.17.23.135","224.0.0.251","135",,"5353,5353","17","0.007228000",,"121",,,,,"True",,"255",,,
"1762687576.552001000",,,"155",,"5353,5353",,"0.000000000",,,,,,,,,,,,
"1762687576.552001000",,,"60",,,,"0.000000000",,,,,,,,,,,,
"1762687576.557160000","172.17.19.207","140.82.112.22","12978","59223,443",,"6","0.005159000","0x0010","12964",,"5","1","1","True","251","128",,,
"1762687576.631722000","140.82.114.22","172.17.19.207","642","443,49844",,"6","0.074562000","0x0018","628",,"4","5837","5605","True","78848","46",,,
"1762687576.631722000","140.82.114.22","172.17.19.207","78","443,49844",,"6","0.000000000","0x0018","64",,"4","6425","5605","True","78848","46",,,
"1762687576.631722000","140.82.114.22","172.17.19.207","54","443,49844",,"6","0.000000000","0x0011","40",,"4","6449","5605","True","78848","46",,,
"1762687576.631955000","172.17.19.207","140.82.114.22","54","49844,443",,"6","0.000233000","0x0010","40",,"4","5605","6450","True","64512","128",,,
"1762687576.633065000","172.17.19.207","140.82.114.22","78","49844,443",,"6","0.001110000","0x0018","64",,"4","5605","6450","True","64512","128",,,
"1762687576.633357000","172.17.19.207","140.82.114.22","54","49844,443",,"6","0.000292000","0x0011","40",,"4","5629","6450","True","64512","128",,,
"1762687576.641892000","140.82.114.22","172.17.19.207","643","443,49843",,"6","0.008535000","0x0018","629",,"3","5837","4534","True","75776","46",,,
"1762687576.641892000","140.82.114.22","172.17.19.207","78","443,49843",,"6","0.000000000","0x0018","64",,"3","6426","4534","True","75776","46",,,
"1762687576.641892000","140.82.114.22","172.17.19.207","54","443,49843",,"6","0.000000000","0x0011","40",,"3","6450","4534","True","75776","46",,,
"1762687576.642188000","172.17.19.207","140.82.114.22","54","49843,443",,"6","0.000296000","0x0010","40",,"3","4534","6451","True","64512","128",,,
"1762687576.643339000","172.17.19.207","140.82.114.22","78","49843,443",,"6","0.001151000","0x0018","64",,"3","4534","6451","True","64512","128",,,
"1762687576.643779000","172.17.19.207","140.82.114.22","54","49843,443",,"6","0.000440000","0x0011","40",,"3","4558","6451","True","64512","128",,,
"1762687576.749075000","172.17.23.24","224.0.0.251","83",,"5353,5353","17","0.105296000",,"69",,,,,"False",,"1",,,
"1762687576.749617000",,,"103",,"5353,5353",,"0.000542000",,,,,,,,,,,,
"1762687576.749617000","172.17.23.24","224.0.0.251","86",,"5353,5353","17","0.000000000",,"72",,,,,"False",,"1",,,
"1762687576.749617000",,,"106",,"5353,5353",,"0.000000000",,,,,,,,,,,,
"1762687576.750782000",,,"299",,"5353,5353",,"0.001165000",,,,,,,,,,,,
"1762687576.751260000",,,"308",,"5353,5353",,"0.000478000",,,,,,,,,,,,
"1762687576.751628000","172.17.23.24","224.0.0.251","288",,"5353,5353","17","0.000368000",,"274",,,,,"False",,"1",,,
"1762687576.751923000",,,"60",,,,"0.000295000",,,,,,,,,,,,
"1762687576.751923000","172.17.16.182","172.17.23.255","86",,"57621,57621","17","0.000000000",,"72",,,,,"False",,"128",,,
"1762687576.954491000",,,"60",,,,"0.202568000",,,,,,,,,,,,
"1762687576.954491000",,,"56",,,,"0.000000000",,,,,,,,,,,,
"1762687576.954491000",,,"60",,,,"0.000000000",,,,,,,,,,,,
"1762687576.954491000",,,"56",,,,"0.000000000",,,,,,,,,,,,
"1762687576.956534000","140.82.112.22","172.17.19.207","54","443,59223",,"6","0.002043000","0x0010","40",,"5","1","12925","True","574","42",,,
"1762687576.956534000","140.82.114.22","172.17.19.207","54","443,49843",,"6","0.000000000","0x0004","40",,"3","6451","0","True","0","46",,,
"1762687576.956534000","140.82.114.22","172.17.19.207","54","443,49844",,"6","0.000000000","0x0004","40",,"4","6450","0","True","0","46",,,
"1762687576.956776000","172.17.19.207","140.82.112.22","11927","59223,443",,"6","0.000242000","0x0018","11913",,"5","12925","1","True","251","128",,,
"1762687577.011710000","172.17.19.207","192.34.20.166","55","49668,443",,"6","0.054934000","0x0010","41",,"6","1","1","True","255","128",,,
"1762687577.075636000","172.17.19.207","192.34.20.166","55","52965,443",,"6","0.063926000","0x0010","41",,"7","1","1","True","250","128",,,
"1762687577.158746000",,,"60",,,,"0.083110000",,,,,,,,,,,,
"1762687577.158881000",,,"60",,,,"0.000135000",,,,,,,,,,,,
"1762687577.158925000",,,"60",,,,"0.000044000",,,,,,,,,,,,
"1762687577.159075000","172.17.23.206","172.17.23.255","92",,"137,137","17","0.000150000",,"78",,,,,"False",,"128",,,
"1762687577.187441000","172.17.19.207","35.223.238.178","55","64971,443",,"6","0.028366000","0x0010","41",,"8","1","1","True","254","128",,,
"1762687577.249884000","140.82.112.22","172.17.19.207","54","443,59223",,"6","0.062443000","0x0010","40",,"5","1","14361","True","576","42",,,
"1762687577.249884000","140.82.112.22","172.17.19.207","54","443,59223",,"6","0.000000000","0x0010","40",,"5","1","15797","True","579","42",,,
"1762687577.249884000","140.82.112.22","172.17.19.207","54","443,59223",,"6","0.000000000","0x0010","40",,"5","1","17233","True","582","42",,,
"1762687577.250765000","140.82.112.22","172.17.19.207","54","443,59223",,"6","0.000881000","0x0010","40",,"5","1","18669","True","585","42",,,
"1762687577.254932000","140.82.112.22","172.17.19.207","54","443,59223",,"6","0.004167000","0x0010","40",,"5","1","20105","True","588","42",,,
"1762687577.254932000","140.82.112.22","172.17.19.207","54","443,59223",,"6","0.000000000","0x0010","40",,"5","1","22977","True","593","42",,,
"1762687577.256654000","140.82.112.22","172.17.19.207","66","443,59223",,"6","0.001722000","0x0010","52",,"5","1","22977","True","596","42","1",,
"1762687577.256654000","140.82.112.22","172.17.19.207","54","443,59223",,"6","0.000000000","0x0010","40",,"5","1","24798","True","599","42",,,
"1762687577.256654000","140.82.112.22","172.17.19.207","102","443,59223",,"6","0.000000000","0x0018","88",,"5","1","24798","True","599","42",,,
"1762687577.276200000","192.34.20.166","172.17.19.207","66","443,49668",,"6","0.019546000","0x0010","52",,"6","1","2","True","519","53",,,
"1762687577.300786000","172.17.19.207","140.82.112.22","54","59223,443",,"6","0.024586000","0x0010","40",,"5","24798","49","True","251","128",,,
"1762687577.333735000","192.34.20.166","172.17.19.207","66","443,52965",,"6","0.032949000","0x0010","52",,"7","1","2","True","615","53",,,
"1762687577.364942000",,,"56",,,,"0.031207000",,,,,,,,,,,,
"1762687577.364942000",,,"60",,,,"0.000000000",,,,,,,,,,,,
"1762687577.364942000",,,"56",,,,"0.000000000",,,,,,,,,,,,
"1762687577.467368000","35.223.238.178","172.17.19.207","66","443,64971",,"6","0.102426000","0x0010","52",,"8","1","2","True","295","54",,,
"1762687577.544033000","172.17.19.207","34.144.254.29","1292",,"57981,443","17","0.076665000",,"1278",,,,,"True",,"128",,,
"1762687577.544231000","172.17.19.207","34.144.254.29","1292",,"57981,443","17","0.000198000",,"1278",,,,,"True",,"128",,,
"1762687577.551320000","34.144.254.29","172.17.19.207","82",,"443,57981","17","0.007089000",,"68",,,,,"True",,"56",,,
"1762687577.551320000","34.144.254.29","172.17.19.207","1292",,"443,57981","17","0.000000000",,"1278",,,,,"True",,"56",,,
"1762687577.563440000","140.82.112.22","172.17.19.207","517","443,59223",,"6","0.012120000","0x0018","503",,"5","49","24798","True","599","42",,,
"1762687577.568623000","172.17.19.207","34.144.254.29","54","61293,443",,"6","0.005183000","0x0011","40",,"9","1","1","True","252","128",,,
"1762687577.569108000",,,"60",,,,"0.000485000",,,,,,,,,,,,
"1762687577.569108000",,,"56",,,,"0.000000000",,,,,,,,,,,,
"1762687577.569108000",,,"42",,,,"0.000000000",,,,,,,,,,,,
"1762687577.569108000","172.17.23.12","172.17.23.255","86",,"57621,57621","17","0.000000000",,"72",,,,,"False",,"128",,,
"1762687577.569108000",,,"60",,,,"0.000000000",,,,,,,,,,,,
"1762687577.569406000",,,"60",,,,"0.000298000",,,,,,,,,,,,
"1762687577.569414000","172.17.19.207","34.144.254.29","66","62985,443",,"6","0.000008000","0x0002","52",,"10","0","0","True","65535","128",,,
"1762687577.569434000",,,"60",,,,"0.000020000",,,,,,,,,,,,
"1762687577.569758000","172.17.19.207","34.144.254.29","1292",,"57981,443","17","0.000324000",,"1278",,,,,"True",,"128",,,
"1762687577.576199000","34.144.254.29","172.17.19.207","54","443,61293",,"6","0.006441000","0x0011","40",,"9","1","2","False","1046","119",,,
"1762687577.576199000","34.144.254.29","172.17.19.207","1292",,"443,57981","17","0.000000000",,"1278",,,,,"True",,"56",,,
"1762687577.576199000","34.144.254.29","172.17.19.207","66","443,62985",,"6","0.000000000","0x0012","52",,"10","0","1","True","65535","117",,,
"1762687577.576349000","172.17.19.207","34.144.254.29","54","61293,443",,"6","0.000150000","0x0010","40",,"9","2","2","True","252","128",,,
"1762687577.576651000","172.17.19.207","34.144.254.29","54","62985,443",,"6","0.000302000","0x0010","40",,"10","1","1","True","65280","128",,,
"1762687577.578085000","172.17.19.207","34.144.254.29","2111","62985,443",,"6","0.001434000","0x0018","2097",,"10","1","1","True","65280","128",,,
"1762687577.584967000","34.144.254.29","172.17.19.207","54","443,62985",,"6","0.006882000","0x0010","40",,"10","1","1413","False","268288","117",,,
"1762687577.584967000","34.144.254.29","172.17.19.207","54","443,62985",,"6","0.000000000","0x0010","40",,"10","1","2058","False","267776","117",,,
"1762687577.591302000","34.144.254.29","172.17.19.207","1292",,"443,57981","17","0.006335000",,"1278",,,,,"True",,"56",,,
"1762687577.593278000","172.17.19.207","34.144.254.29","1292",,"57981,443","17","0.001976000",,"1278",,,,,"True",,"128",,,
"1762687577.593564000","172.17.19.207","34.144.254.29","199",,"57981,443","17","0.000286000",,"185",,,,,"True",,"128",,,
"1762687577.594022000","172.17.19.207","34.144.254.29","774",,"57981,443","17","0.000458000",,"760",,,,,"True",,"128",,,
"1762687577.600920000","34.144.254.29","172.17.19.207","626",,"443,57981","17","0.006898000",,"612",,,,,"True",,"56",,,
"1762687577.600920000","34.144.254.29","172.17.19.207","163",,"443,57981","17","0.000000000",,"149",,,,,"True",,"56",,,
"1762687577.600920000","34.144.254.29","172.17.19.207","69",,"443,57981","17","0.000000000",,"55",,,,,"True",,"56",,,
"1762687577.601775000","172.17.19.207","34.144.254.29","74",,"57981,443","17","0.000855000",,"60",,,,,"True",,"128",,,
"1762687577.616370000","172.17.19.207","140.82.112.22","54","59223,443",,"6","0.014595000","0x0010","40",,"5","24798","512","True","255","128",,,
"1762687577.632601000","172.17.19.207","34.144.254.29","74",,"57981,443","17","0.016231000",,"60",,,,,"True",,"128",,,
"1762687577.633914000","34.144.254.29","172.17.19.207","266","443,62985",,"6","0.001313000","0x0018","252",,"10","1","2058","False","267776","117",,,
"1762687577.634835000","172.17.19.207","34.144.254.29","118","62985,443",,"6","0.000921000","0x0018","104",,"10","2058","213","True","65280","128",,,
"1762687577.642411000","34.144.254.29","172.17.19.207","54","443,62985",,"6","0.007576000","0x0010","40",,"10","213","2122","False","267776","117",,,
"1762687577.642411000","34.144.254.29","172.17.19.207","672","443,62985",,"6","0.000000000","0x0018","658",,"10","213","2122","False","267776","117",,,
"1762687577.696306000","172.17.19.207","34.144.254.29","54","62985,443",,"6","0.053895000","0x0010","40",,"10","2122","831","True","64512","128",,,
"1762687577.773658000",,,"60",,,,"0.077352000",,,,,,,,,,,,
"1762687577.773658000","172.17.23.24","224.0.0.251","86",,"5353,5353","17","0.000000000",,"72",,,,,"False",,"1",,,
"1762687577.773658000",,,"106",,"5353,5353",,"0.000000000",,,,,,,,,,,,
"1762687577.773658000","172.17.23.24","224.0.0.251","83",,"5353,5353","17","0.000000000",,"69",,,,,"False",,"1",,,
"1762687577.776493000","172.17.23.24","224.0.0.251","288",,"5353,5353","17","0.002835000",,"274",,,,,"False",,"1",,,
"1762687577.776493000",,,"103",,"5353,5353",,"0.000000000",,,,,,,,,,,,
"1762687577.776493000",,,"308",,"5353,5353",,"0.000000000",,,,,,,,,,,,
"1762687577.776493000",,,"299",,"5353,5353",,"0.000000000",,,,,,,,,,,,
"1762687577.776493000","172.17.23.24","224.0.0.251","279",,"5353,5353","17","0.000000000",,"265",,,,,"False",,"1",,,
"1762687577.776493000",,,"60",,,,"0.000000000",,,,,,,,,,,,
"1762687577.876344000","34.144.254.29","172.17.19.207","418",,"443,57981","17","0.099851000",,"404",,,,,"True",,"56",,,
"1762687577.876344000","34.144.254.29","172.17.19.207","418",,"443,57981","17","0.000000000",,"404",,,,,"True",,"56",,,
"1762687577.877194000","172.17.19.207","34.144.254.29","79",,"57981,443","17","0.000850000",,"65",,,,,"True",,"128",,,
"1762687577.911407000","34.144.254.29","172.17.19.207","66",,"443,57981","17","0.034213000",,"52",,,,,"True",,"56",,,
"1762687577.978191000","172.17.23.206","172.17.23.255","92",,"137,137","17","0.066784000",,"78",,,,,"False",,"128",,,
"1762687577.978191000",,,"60",,,,"0.000000000",,,,,,,,,,,,
"1762687577.978824000",,,"60",,,,"0.000633000",,,,,,,,,,,,
"1762687577.978824000",,,"56",,,,"0.000000000",,,,,,,,,,,,
"1762687577.978824000",,,"60",,,,"0.000000000",,,,,,,,,,,,
"1762687578.182686000",,,"60",,,,"0.203862000",,,,,,,,,,,,
"1762687578.336070000","172.17.19.207","35.223.238.178","370","64979,443",,"6","0.153384000","0x0018","356",,"1","3611","304","True","255","128",,,
"1762687578.336291000","172.17.19.207","35.223.238.178","3352","64979,443",,"6","0.000221000","0x0018","3338",,"1","3927","304","True","255","128",,,
"1762687578.387815000",,,"60",,,,"0.051524000",,,,,,,,,,,,
"1762687578.387815000",,,"56",,,,"0.000000000",,,,,,,,,,,,
"1762687578.592352000",,,"56",,,,"0.204537000",,,,,,,,,,,,
"1762687578.592497000",,,"42",,,,"0.000145000",,,,,,,,,,,,
"1762687578.592497000",,,"86",,,,"0.000000000",,,,,,,,,,,,
"1762687578.592796000","172.17.17.101","239.255.255.250","167",,"35865,1900","17","0.000299000",,"153",,,,,"True",,"1",,"*",
"1762687578.593320000","172.17.17.101","239.255.255.250","167",,"52263,1900","17","0.000524000",,"153",,,,,"True",,"1",,"*",
"1762687578.593599000","172.17.17.101","239.255.255.250","167",,"39990,1900","17","0.000279000",,"153",,,,,"True",,"1",,"*",
"1762687578.593599000",,,"56",,,,"0.000000000",,,,,,,,,,,,
"1762687578.593599000",,,"60",,,,"0.000000000",,,,,,,,,,,,
"1762687578.593599000",,,"60",,,,"0.000000000",,,,,,,,,,,,
"1762687578.593885000",,,"56",,,,"0.000286000",,,,,,,,,,,,
"1762687578.593907000",,,"56",,,,"0.000022000",,,,,,,,,,,,
"1762687578.593949000",,,"56",,,,"0.000042000",,,,,,,,,,,,
"1762687578.594190000",,,"60",,,,"0.000241000",,,,,,,,,,,,
"1762687578.596267000","20.50.73.8","172.17.19.207","520","443,61749",,"6","0.002077000","0x0019","506",,"11","1","1","True","16385","110",,,
"1762687578.596267000","35.223.238.178","172.17.19.207","54","443,64979",,"6","0.000000000","0x0010","40",,"1","304","5347","True","291","54",,,
"1762687578.596267000","35.223.238.178","172.17.19.207","66","443,64979",,"6","0.000000000","0x0010","52",,"1","304","5347","True","291","54","1",,
"1762687578.596267000","35.223.238.178","172.17.19.207","54","443,64979",,"6","0.000000000","0x0010","40",,"1","304","7225","True","277","54",,,
"1762687578.596267000","35.223.238.178","172.17.19.207","357","443,64979",,"6","0.000000000","0x0018","343",,"1","304","7225","True","291","54",,,
"1762687578.596462000","172.17.19.207","20.50.73.8","54","61749,443",,"6","0.000195000","0x0010","40",,"11","1","468","True","253","128",,,
"1762687578.597726000","172.17.19.207","20.50.73.8","78","61749,443",,"6","0.001264000","0x0018","64",,"11","1","468","True","253","128",,,
"1762687578.597882000","172.17.19.207","20.50.73.8","54","61749,443",,"6","0.000156000","0x0011","40",,"11","25","468","True","253","128",,,
"1762687578.650689000","172.17.19.207","35.223.238.178","54","64979,443",,"6","0.052807000","0x0010","40",,"1","7225","607","True","254","128",,,
"1762687578.798560000",,,"60",,,,"0.147871000",,,,,,,,,,,,
"1762687578.798560000",,,"56",,,,"0.000000000",,,,,,,,,,,,
"1762687578.798843000","20.50.73.8","172.17.19.207","54","443,61749",,"6","0.000283000","0x0010","40",,"11","468","26","True","16384","110",,,
"1762687579.002379000",,,"56",,,,"0.203536000",,,,,,,,,,,,
"1762687579.002379000","172.17.17.101","224.0.0.251","82",,"5353,5353","17","0.000000000",,"68",,,,,"True",,"255",,,
"1762687579.002379000",,,"102",,"5353,5353",,"0.000000000",,,,,,,,,,,,
"1762687579.002379000","172.17.17.101","224.0.0.251","103",,"5353,5353","17","0.000000000",,"89",,,,,"True",,"255",,,
"1762687579.004160000",,,"123",,"5353,5353",,"0.001781000",,,,,,,,,,,,
"1762687579.004876000","172.17.17.101","224.0.0.251","119",,"5353,5353","17","0.000716000",,"105",,,,,"True",,"255",,,
"1762687579.005279000",,,"139",,"5353,5353",,"0.000403000",,,,,,,,,,,,
"1762687579.005734000",,,"60",,,,"0.000455000",,,,,,,,,,,,
"1762687579.005734000",,,"60",,,,"0.000000000",,,,,,,,,,,,
"1762687579.005734000",,,"60",,,,"0.000000000",,,,,,,,,,,,
"1762687579.207283000",,,"60",,,,"0.201549000",,,,,,,,,,,,
"1762687579.207283000",,,"60",,,,"0.000000000",,,,,,,,,,,,
"1762687579.207283000","172.17.21.59","224.0.0.251","388",,"5353,5353","17","0.000000000",,"374",,,,,"False",,"1",,,
"1762687579.208581000","172.17.21.59","224.0.0.251","93",,"5353,5353","17","0.001298000",,"79",,,,,"False",,"1",,,
"1762687579.411837000",,,"56",,,,"0.203256000",,,,,,,,,,,,
"1762687579.411837000",,,"56",,,,"0.000000000",,,,,,,,,,,,
"1762687579.411837000",,,"56",,,,"0.000000000",,,,,,,,,,,,
"1762687579.479025000","172.17.19.207","172.17.16.1","83",,"56102,53","17","0.067188000",,"69",,,,,"False",,"128",,,
"1762687579.482263000","172.17.16.1","172.17.19.207","227",,"53,56102","17","0.003238000",,"213",,,,,"False",,"64",,,
"1762687579.483907000","172.17.19.207","104.86.189.82","66","63008,80",,"6","0.001644000","0x0002","52",,"12","0","0","True","65535","128",,,
"1762687579.490138000","104.86.189.82","172.17.19.207","66","80,63008",,"6","0.006231000","0x0012","52",,"12","0","1","True","64240","57",,,
"1762687579.490379000","172.17.19.207","104.86.189.82","54","63008,80",,"6","0.000241000","0x0010","40",,"12","1","1","True","65280","128",,,
"1762687579.490993000","172.17.19.207","104.86.189.82","165","63008,80",,"6","0.000614000","0x0018","151",,"12","1","1","True","65280","128",,"/connecttest.txt",
"1762687579.495475000","104.86.189.82","172.17.19.207","54","80,63008",,"6","0.004482000","0x0010","40",,"12","1","112","True","64256","57",,,
"1762687579.499732000","104.86.189.82","172.17.19.207","241","80,63008",,"6","0.004257000","0x0018","227",,"12","1","112","True","64256","57",,"/connecttest.txt","200"
"1762687579.499732000","104.86.189.82","172.17.19.207","54","80,63008",,"6","0.000000000","0x0011","40",,"12","188","112","True","64256","57",,,
"1762687579.499926000","172.17.19.207","104.86.189.82","54","63008,80",,"6","0.000194000","0x0010","40",,"12","112","189","True","65280","128",,,
"1762687579.500007000","172.17.19.207","104.86.189.82","54","63008,80",,"6","0.000081000","0x0011","40",,"12","112","189","True","65280","128",,,
"1762687579.506054000","104.86.189.82","172.17.19.207","54","80,63008",,"6","0.006047000","0x0010","40",,"12","189","113","True","64256","57",,,
"1762687579.616920000",,,"42",,,,"0.110866000",,,,,,,,,,,,
"1762687579.616920000","172.17.21.59","224.0.0.251","93",,"5353,5353","17","0.000000000",,"79",,,,,"False",,"1",,,
"1762687579.617550000",,,"60",,,,"0.000630000",,,,,,,,,,,,
"1762687579.617550000",,,"60",,,,"0.000000000",,,,,,,,,,,,
"1762687579.617614000",,,"60",,,,"0.000064000",,,,,,,,,,,,
"1762687579.617762000",,,"60",,,,"0.000148000",,,,,,,,,,,,
"1762687579.617946000","172.17.23.24","224.0.0.251","86",,"5353,5353","17","0.000184000",,"72",,,,,"False",,"1",,,
"1762687579.617946000",,,"106",,"5353,5353",,"0.000000000",,,,,,,,,,,,
"1762687579.619074000","172.17.23.24","224.0.0.251","83",,"5353,5353","17","0.001128000",,"69",,,,,"False",,"1",,,
"1762687579.619538000",,,"103",,"5353,5353",,"0.000464000",,,,,,,,,,,,
"1762687579.619947000","172.17.23.24","224.0.0.251","288",,"5353,5353","17","0.000409000",,"274",,,,,"False",,"1",,,
"1762687579.620273000",,,"308",,"5353,5353",,"0.000326000",,,,,,,,,,,,
"1762687579.620763000",,,"299",,"5353,5353",,"0.000490000",,,,,,,,,,,,
"1762687579.620763000","172.17.23.24","224.0.0.251","279",,"5353,5353","17","0.000000000",,"265",,,,,"False",,"1",,,
"1762687579.620763000","172.17.23.206","172.17.23.255","216",,"138,138","17","0.000000000",,"202",,,,,"False",,"128",,,
"1762687579.620763000","172.17.23.206","172.17.23.255","92",,"137,137","17","0.000000000",,"78",,,,,"False",,"128",,,
"1762687579.620763000",,,"56",,,,"0.000000000",,,,,,,,,,,,
"1762687579.821677000",,,"60",,,,"0.200914000",,,,,,,,,,,,
"1762687579.821677000","172.17.21.59","224.0.0.251","93",,"5353,5353","17","0.000000000",,"79",,,,,"False",,"1",,,
"1762687579.821677000","172.17.21.59","224.0.0.251","87",,"5353,5353","17","0.000000000",,"73",,,,,"False",,"255",,,
"1762687580.026231000","172.17.17.101","224.0.0.251","119",,"5353,5353","17","0.204554000",,"105",,,,,"True",,"255",,,
"1762687580.026231000",,,"139",,"5353,5353",,"0.000000000",,,,,,,,,,,,
"1762687580.027508000",,,"60",,,,"0.001277000",,,,,,,,,,,,
"1762687580.027551000",,,"56",,,,"0.000043000",,,,,,,,,,,,
"1762687580.027566000","172.17.16.108","224.0.0.251","477",,"5353,5353","17","0.000015000",,"463",,,,,"False",,"1",,,
"1762687580.027566000",,,"157",,"58081,1900",,"0.000000000",,,,,,,,,,,"*",
"1762687580.028132000","172.17.17.195","239.255.255.250","143",,"58084,1900","17","0.000566000",,"129",,,,,"False",,"4",,"*",
"1762687580.028296000","172.17.16.108","224.0.0.251","86",,"5353,5353","17","0.000164000",,"72",,,,,"False",,"1",,,
"1762687580.028654000","172.17.17.195","224.0.0.251","75",,"5353,5353","17","0.000358000",,"61",,,,,"False",,"1",,,
"1762687580.028654000",,,"95",,"5353,5353",,"0.000000000",,,,,,,,,,,,
"1762687580.028654000","172.17.17.195","224.0.0.251","77",,"5353,5353","17","0.000000000",,"63",,,,,"False",,"1",,,
"1762687580.028654000",,,"97",,"5353,5353",,"0.000000000",,,,,,,,,,,,
"1762687580.028654000","172.17.17.195","224.0.0.251","75",,"5353,5353","17","0.000000000",,"61",,,,,"False",,"1",,,
"1762687580.028654000",,,"95",,"5353,5353",,"0.000000000",,,,,,,,,,,,
"1762687580.030426000","172.17.17.195","224.0.0.251","76",,"5353,5353","17","0.001772000",,"62",,,,,"False",,"1",,,
"1762687580.030805000",,,"686",,"65053,3702",,"0.000379000",,,,,,,,,,,,
"1762687580.030852000","172.17.17.195","224.0.0.251","78",,"5353,5353","17","0.000047000",,"64",,,,,"False",,"1",,,
"1762687580.031090000",,,"98",,"5353,5353",,"0.000238000",,,,,,,,,,,,
"1762687580.031474000","172.17.17.195","239.255.255.250","666",,"65052,3702","17","0.000384000",,"652",,,,,"False",,"1",,,
"1762687580.031505000",,,"96",,"5353,5353",,"0.000031000",,,,,,,,,,,,
"1762687580.031802000","172.17.17.195","255.255.255.255","125",,"10004,10004","17","0.000297000",,"111",,,,,"False",,"128",,,
"1762687580.031836000","172.17.17.195","255.255.255.255","125",,"10004,10004","17","0.000034000",,"111",,,,,"False",,"128",,,
"1762687580.031880000","172.17.17.195","172.17.23.255","70",,"65057,22222","17","0.000044000",,"56",,,,,"False",,"128",,,
"1762687580.031947000","172.17.17.195","172.17.23.255","70",,"65063,22222","17","0.000067000",,"56",,,,,"False",,"128",,,
"1762687580.031998000","172.17.17.195","172.17.23.255","56",,"65069,3289","17","0.000051000",,"42",,,,,"False",,"128",,,
"1762687580.032008000","172.17.21.59","224.0.0.251","466",,"5353,5353","17","0.000010000",,"452",,,,,"False",,"1",,,
"1762687580.032270000","172.17.21.59","224.0.0.251","402",,"5353,5353","17","0.000262000",,"388",,,,,"False",,"1",,,
"1762687580.032518000",,,"60",,,,"0.000248000",,,,,,,,,,,,
"1762687580.032529000",,,"60",,,,"0.000011000",,,,,,,,,,,,
"1762687580.032558000",,,"718",,"56482,3702",,"0.000029000",,,,,,,,,,,,
"1762687580.032599000","172.17.16.118","239.255.255.250","698",,"56481,3702","17","0.000041000",,"684",,,,,"False",,"1",,,
"1762687580.032662000","172.17.17.144","224.0.0.251","204",,"5353,5353","17","0.000063000",,"190",,,,,"False",,"1",,,
"1762687580.032962000",,,"224",,"5353,5353",,"0.000300000",,,,,,,,,,,,
"1762687580.033378000","172.17.17.144","224.0.0.251","83",,"5353,5353","17","0.000416000",,"69",,,,,"False",,"1",,,
"1762687580.033700000",,,"103",,"5353,5353",,"0.000322000",,,,,,,,,,,,
"1762687580.234635000",,,"60",,,,"0.200935000",,,,,,,,,,,,
"1762687580.234635000",,,"686",,"65053,3702",,"0.000000000",,,,,,,,,,,,
"1762687580.234635000",,,"60",,,,"0.000000000",,,,,,,,,,,,
"1762687580.234635000","172.17.18.118","224.0.0.251","266",,"5353,5353","17","0.000000000",,"252",,,,,"False",,"255",,,
"1762687580.234635000",,,"286",,"5353,5353",,"0.000000000",,,,,,,,,,,,
"1762687580.234635000","172.17.16.108","224.0.0.251","86",,"5353,5353","17","0.000000000",,"72",,,,,"False",,"1",,,
"1762687580.234635000","172.17.17.195","239.255.255.250","666",,"65052,3702","17","0.000000000",,"652",,,,,"False",,"1",,,
"1762687580.235964000","172.17.16.118","239.255.255.250","698",,"56481,3702","17","0.001329000",,"684",,,,,"False",,"1",,,
"1762687580.236065000",,,"56",,,,"0.000101000",,,,,,,,,,,,
"1762687580.236065000",,,"56",,,,"0.000000000",,,,,,,,,,,,
"1762687580.236146000","172.17.21.59","239.255.255.250","167",,"64175,1900","17","0.000081000",,"153",,,,,"False",,"255",,"*",
"1762687580.435587000",,,"718",,"56482,3702",,"0.199441000",,,,,,,,,,,,
"1762687580.435762000","172.17.17.144","224.0.0.251","83",,"5353,5353","17","0.000175000",,"69",,,,,"False",,"1",,,
"1762687580.436342000",,,"103",,"5353,5353",,"0.000580000",,,,,,,,,,,,
"1762687580.436342000",,,"60",,,,"0.000000000",,,,,,,,,,,,
"1762687580.436342000",,,"60",,,,"0.000000000",,,,,,,,,,,,
"1762687580.436886000",,,"56",,,,"0.000544000",,,,,,,,,,,,
"1762687580.436886000","172.17.23.206","172.17.23.255","92",,"137,137","17","0.000000000",,"78",,,,,"False",,"128",,,
"1762687580.436886000","172.17.16.108","224.0.0.251","86",,"5353,5353","17","0.000000000",,"72",,,,,"False",,"1",,,
"1762687580.437397000",,,"686",,"65053,3702",,"0.000511000",,,,,,,,,,,,
"1762687580.437397000",,,"42",,,,"0.000000000",,,,,,,,,,,,
"1762687580.640370000",,,"56",,,,"0.202973000",,,,,,,,,,,,
"1762687580.640370000",,,"60",,,,"0.000000000",,,,,,,,,,,,
"1762687580.640831000","172.17.16.118","239.255.255.250","698",,"56481,3702","17","0.000461000",,"684",,,,,"False",,"1",,,
"1762687580.641005000","172.17.17.144","224.0.0.251","83",,"5353,5353","17","0.000174000",,"69",,,,,"False",,"1",,,
"1762687580.641437000",,,"103",,"5353,5353",,"0.000432000",,,,,,,,,,,,
"1762687580.641437000",,,"60",,,,"0.000000000",,,,,,,,,,,,
"1762687580.641437000",,,"56",,,,"0.000000000",,,,,,,,,,,,
"1762687580.641853000",,,"60",,,,"0.000416000",,,,,,,,,,,,
"1762687580.642022000","172.17.17.195","239.255.255.250","666",,"65052,3702","17","0.000169000",,"652",,,,,"False",,"1",,,
"1762687580.848351000","172.17.16.108","224.0.0.251","541",,"5353,5353","17","0.206329000",,"527",,,,,"False",,"1",,,
"1762687580.848351000","172.17.16.108","224.0.0.251","484",,"5353,5353","17","0.000000000",,"470",,,,,"False",,"1",,,
"1762687580.848351000",,,"60",,,,"0.000000000",,,,,,,,,,,,
"1762687580.848351000",,,"718",,"56482,3702",,"0.000000000",,,,,,,,,,,,
"1762687580.848351000","172.17.17.144","224.0.0.251","259",,"5353,5353","17","0.000000000",,"245",,,,,"False",,"1",,,
"1762687580.848351000",,,"279",,"5353,5353",,"0.000000000",,,,,,,,,,,,
"1762687580.848351000","172.17.17.144","224.0.0.251","205",,"5353,5353","17","0.000000000",,"191",,,,,"False",,"1",,,
"1762687580.848351000",,,"225",,"5353,5353",,"0.000000000",,,,,,,,,,,,
"1762687580.848351000","172.17.17.101","224.0.0.251","119",,"5353,5353","17","0.000000000",,"105",,,,,"True",,"255",,,
"1762687580.848351000",,,"139",,"5353,5353",,"0.000000000",,,,,,,,,,,,
"1762687581.050410000",,,"60",,,,"0.202059000",,,,,,,,,,,,
"1762687581.050410000",,,"60",,,,"0.000000000",,,,,,,,,,,,
"1762687581.050410000","172.17.17.195","224.0.0.251","75",,"5353,5353","17","0.000000000",,"61",,,,,"False",,"1",,,
"1762687581.050410000",,,"95",,"5353,5353",,"0.000000000",,,,,,,,,,,,
"1762687581.051326000","172.17.17.195","224.0.0.251","77",,"5353,5353","17","0.000916000",,"63",,,,,"False",,"1",,,
"1762687581.051755000",,,"97",,"5353,5353",,"0.000429000",,,,,,,,,,,,
"1762687581.052223000","172.17.17.195","224.0.0.251","76",,"5353,5353","17","0.000468000",,"62",,,,,"False",,"1",,,
"1762687581.052549000","172.17.17.195","224.0.0.251","78",,"5353,5353","17","0.000326000",,"64",,,,,"False",,"1",,,
"1762687581.052962000","172.17.17.195","224.0.0.251","75",,"5353,5353","17","0.000413000",,"61",,,,,"False",,"1",,,
"1762687581.052962000",,,"95",,"5353,5353",,"0.000000000",,,,,,,,,,,,
"1762687581.052962000",,,"98",,"5353,5353",,"0.000000000",,,,,,,,,,,,
"1762687581.052962000",,,"96",,"5353,5353",,"0.000000000",,,,,,,,,,,,
"1762687581.052962000",,,"60",,,,"0.000000000",,,,,,,,,,,,
"1762687581.052962000","172.17.21.35","224.0.0.251","119",,"5353,5353","17","0.000000000",,"105",,,,,"True",,"255",,,
"1762687581.052962000",,,"139",,"5353,5353",,"0.000000000",,,,,,,,,,,,
"1762687581.052962000",,,"60",,,,"0.000000000",,,,,,,,,,,,
"1762687581.052962000",,,"60",,,,"0.000000000",,,,,,,,,,,,
"1762687581.052962000",,,"686",,"65053,3702",,"0.000000000",,,,,,,,,,,,
"1762687581.255435000",,,"60",,,,"0.202473000",,,,,,,,,,,,
"1762687581.255435000","172.17.23.206","172.17.23.255","92",,"137,137","17","0.000000000",,"78",,,,,"False",,"128",,,
"1762687581.255745000","172.17.16.118","239.255.255.250","698",,"56481,3702","17","0.000310000",,"684",,,,,"False",,"1",,,
"1762687581.256015000",,,"60",,,,"0.000270000",,,,,,,,,,,,
"1762687581.460011000",,,"60",,,,"0.203996000",,,,,,,,,,,,
"1762687581.460011000",,,"60",,,,"0.000000000",,,,,,,,,,,,
"1762687581.460011000",,,"60",,,,"0.000000000",,,,,,,,,,,,
"1762687581.460011000","172.17.17.104","224.0.0.251","79",,"62959,5353","17","0.000000000",,"65",,,,,"False",,"1",,,
"1762687581.460561000",,,"56",,,,"0.000550000",,,,,,,,,,,,
"1762687581.460561000",,,"56",,,,"0.000000000",,,,,,,,,,,,
"1762687581.664965000",,,"60",,,,"0.204404000",,,,,,,,,,,,
"1762687581.664965000",,,"60",,,,"0.000000000",,,,,,,,,,,,
"1762687581.664965000","172.17.19.155","224.0.0.251","564",,"5353,5353","17","0.000000000",,"550",,,,,"False",,"1",,,
"1762687581.664965000",,,"584",,"5353,5353",,"0.000000000",,,,,,,,,,,,
"1762687581.666007000","172.17.19.155","224.0.0.251","93",,"5353,5353","17","0.001042000",,"79",,,,,"False",,"1",,,
"1762687581.666434000",,,"113",,"5353,5353",,"0.000427000",,,,,,,,,,,,
"1762687581.667096000",,,"60",,,,"0.000662000",,,,,,,,,,,,
"1762687581.667096000",,,"56",,,,"0.000000000",,,,,,,,,,,,
"1762687581.667096000","172.17.17.195","239.255.255.250","666",,"65052,3702","17","0.000000000",,"652",,,,,"False",,"1",,,
"1762687581.667096000",,,"60",,,,"0.000000000",,,,,,,,,,,,
"1762687581.667096000",,,"60",,,,"0.000000000",,,,,,,,,,,,
"1762687581.667096000",,,"718",,"56482,3702",,"0.000000000",,,,,,,,,,,,
"1762687581.869903000","172.17.17.154","224.0.0.251","70",,"5353,5353","17","0.202807000",,"56",,,,,"False",,"1",,,
"1762687581.869903000",,,"90",,"5353,5353",,"0.000000000",,,,,,,,,,,,
"1762687581.869903000","172.17.17.154","224.0.0.251","70",,"5353,5353","17","0.000000000",,"56",,,,,"False",,"1",,,
"1762687581.871146000",,,"90",,"5353,5353",,"0.001243000",,,,,,,,,,,,
"1762687581.871576000",,,"60",,,,"0.000430000",,,,,,,,,,,,
"1762687581.871576000","172.17.19.155","224.0.0.251","93",,"5353,5353","17","0.000000000",,"79",,,,,"False",,"1",,,
"1762687581.872123000",,,"113",,"5353,5353",,"0.000547000",,,,,,,,,,,,
"1762687581.872516000",,,"60",,,,"0.000393000",,,,,,,,,,,,
"1762687581.872535000","172.17.17.104","224.0.0.251","93",,"62959,5353","17","0.000019000",,"79",,,,,"False",,"1",,,
"1762687581.872911000",,,"60",,,,"0.000376000",,,,,,,,,,,,
"1762687581.872911000",,,"60",,,,"0.000000000",,,,,,,,,,,,
"1762687582.077481000",,,"56",,,,"0.204570000",,,,,,,,,,,,
"1762687582.077481000",,,"60",,,,"0.000000000",,,,,,,,,,,,
"1762687582.077481000",,,"60",,,,"0.000000000",,,,,,,,,,,,
"1762687582.077481000",,,"86",,"51288,5355",,"0.000000000",,,,,,,,,,,,
"1762687582.077481000","172.17.19.155","224.0.0.251","93",,"5353,5353","17","0.000000000",,"79",,,,,"False",,"1",,,
"1762687582.077481000",,,"113",,"5353,5353",,"0.000000000",,,,,,,,,,,,
"1762687582.285474000","172.17.17.154","224.0.0.251","70",,"5353,5353","17","0.207993000",,"56",,,,,"False",,"1",,,
"1762687582.285474000","172.17.17.154","224.0.0.251","70",,"5353,5353","17","0.000000000",,"56",,,,,"False",,"1",,,
"1762687582.285474000",,,"90",,"5353,5353",,"0.000000000",,,,,,,,,,,,
"1762687582.285474000",,,"84",,"57903,5355",,"0.000000000",,,,,,,,,,,,
"1762687582.285474000",,,"90",,"5353,5353",,"0.000000000",,,,,,,,,,,,
"1762687582.285474000","172.17.17.154","224.0.0.252","64",,"57903,5355","17","0.000000000",,"50",,,,,"False",,"1",,,
"1762687582.285474000",,,"84",,"53542,5355",,"0.000000000",,,,,,,,,,,,
"1762687582.285474000","172.17.17.154","224.0.0.252","64",,"53542,5355","17","0.000000000",,"50",,,,,"False",,"1",,,
"1762687582.285474000","172.17.20.136","239.255.255.250","166",,"49848,1900","17","0.000000000",,"152",,,,,"False",,"1",,"*",
"1762687582.285474000",,,"60",,,,"0.000000000",,,,,,,,,,,,
"1762687582.285474000","172.17.21.11","224.0.0.251","344",,"5353,5353","17","0.000000000",,"330",,,,,"False",,"1",,,
"1762687582.285474000",,,"364",,"5353,5353",,"0.000000000",,,,,,,,,,,,
"1762687582.285474000","172.17.21.11","224.0.0.251","93",,"5353,5353","17","0.000000000",,"79",,,,,"False",,"1",,,
"1762687582.285474000",,,"113",,"5353,5353",,"0.000000000",,,,,,,,,,,,
"1762687582.285474000","172.17.20.136","239.255.255.250","171",,"49848,1900","17","0.000000000",,"157",,,,,"False",,"1",,"*",
"1762687582.285474000",,,"60",,,,"0.000000000",,,,,,,,,,,,
"1762687582.285474000",,,"60",,,,"0.000000000",,,,,,,,,,,,
"1762687582.285474000","172.17.22.203","224.0.0.252","66",,"51288,5355","17","0.000000000",,"52",,,,,"False",,"1",,,
"1762687582.285474000","172.17.17.104","224.0.0.251","93",,"62959,5353","17","0.000000000",,"79",,,,,"False",,"1",,,
"1762687582.285474000","172.17.23.238","239.255.255.250","212",,"52511,1900","17","0.000000000",,"198",,,,,"False",,"1",,"*",
"1762687582.487105000",,,"686",,"65053,3702",,"0.201631000",,,,,,,,,,,,
"1762687582.487105000",,,"60",,,,"0.000000000",,,,,,,,,,,,
"1762687582.487105000","172.17.19.155","224.0.0.251","629",,"5353,5353","17","0.000000000",,"615",,,,,"False",,"1",,,
"1762687582.487105000",,,"649",,"5353,5353",,"0.000000000",,,,,,,,,,,,
"1762687582.487105000","172.17.19.155","224.0.0.251","565",,"5353,5353","17","0.000000000",,"551",,,,,"False",,"1",,,
"1762687582.487105000",,,"585",,"5353,5353",,"0.000000000",,,,,,,,,,,,
"1762687582.487105000",,,"56",,,,"0.000000000",,,,,,,,,,,,
"1762687582.487105000","172.17.16.118","239.255.255.250","698",,"56481,3702","17","0.000000000",,"684",,,,,"False",,"1",,,
"1762687582.487105000","172.17.21.11","224.0.0.251","93",,"5353,5353","17","0.000000000",,"79",,,,,"False",,"1",,,
"1762687582.487105000",,,"113",,"5353,5353",,"0.000000000",,,,,,,,,,,,
"1762687582.487105000",,,"60",,,,"0.000000000",,,,,,,,,,,,
"1762687582.487105000",,,"42",,,,"0.000000000",,,,,,,,,,,,
"1762687582.487105000",,,"60",,,,"0.000000000",,,,,,,,,,,,
"1762687582.646220000","172.17.19.207","35.223.238.178","370","64979,443",,"6","0.159115000","0x0018","356",,"1","7225","607","True","254","128",,,
"1762687582.646369000","172.17.19.207","35.223.238.178","3403","64979,443",,"6","0.000149000","0x0018","3389",,"1","7541","607","True","254","128",,,
"1762687582.688513000",,,"84",,"53542,5355",,"0.042144000",,,,,,,,,,,,
"1762687582.688513000",,,"84",,"57903,5355",,"0.000000000",,,,,,,,,,,,
"1762687582.689024000","172.17.17.154","224.0.0.252","64",,"57903,5355","17","0.000511000",,"50",,,,,"False",,"1",,,
"1762687582.689275000","172.17.17.154","224.0.0.252","64",,"53542,5355","17","0.000251000",,"50",,,,,"False",,"1",,,
"1762687582.689369000","172.17.17.154","224.0.0.251","70",,"5353,5353","17","0.000094000",,"56",,,,,"False",,"1",,,
"1762687582.689938000","172.17.17.154","224.0.0.251","70",,"5353,5353","17","0.000569000",,"56",,,,,"False",,"1",,,
"1762687582.689938000",,,"90",,"5353,5353",,"0.000000000",,,,,,,,,,,,
"1762687582.689938000",,,"90",,"5353,5353",,"0.000000000",,,,,,,,,,,,
"1762687582.689938000","172.17.22.45","239.255.255.250","174",,"62196,1900","17","0.000000000",,"160",,,,,"False",,"1",,"*",
"1762687582.689938000",,,"86",,"51288,5355",,"0.000000000",,,,,,,,,,,,
"1762687582.689938000","172.17.22.203","224.0.0.252","66",,"51288,5355","17","0.000000000",,"52",,,,,"False",,"1",,,
"1762687582.692525000",,,"86",,"58383,5355",,"0.002587000",,,,,,,,,,,,
"1762687582.692525000","172.17.22.203","224.0.0.252","66",,"58383,5355","17","0.000000000",,"52",,,,,"False",,"1",,,
"1762687582.692525000",,,"60",,,,"0.000000000",,,,,,,,,,,,
"1762687582.692525000",,,"56",,,,"0.000000000",,,,,,,,,,,,
"1762687582.692525000",,,"60",,,,"0.000000000",,,,,,,,,,,,
"1762687582.692525000","172.17.21.11","224.0.0.251","93",,"5353,5353","17","0.000000000",,"79",,,,,"False",,"1",,,
"1762687582.692525000",,,"113",,"5353,5353",,"0.000000000",,,,,,,,,,,,
"1762687583.003251000",,,"60",,,,"0.310726000",,,,,,,,,,,,
"1762687583.003251000","172.17.17.154","172.17.23.255","92",,"137,137","17","0.000000000",,"78",,,,,"False",,"128",,,
"1762687583.003251000",,,"60",,,,"0.000000000",,,,,,,,,,,,
"1762687583.003251000","172.17.23.206","172.17.23.255","216",,"138,138","17","0.000000000",,"202",,,,,"False",,"128",,,
"1762687583.003251000","172.17.23.206","172.17.23.255","92",,"137,137","17","0.000000000",,"78",,,,,"False",,"128",,,
"1762687583.003251000",,,"157",,"58081,1900",,"0.000000000",,,,,,,,,,,"*",
"1762687583.003251000","172.17.17.195","239.255.255.250","143",,"58084,1900","17","0.000000000",,"129",,,,,"False",,"4",,"*",
"1762687583.003251000","172.17.21.11","224.0.0.251","409",,"5353,5353","17","0.000000000",,"395",,,,,"False",,"1",,,
"1762687583.003251000",,,"429",,"5353,5353",,"0.000000000",,,,,,,,,,,,
"1762687583.003251000","172.17.21.11","224.0.0.251","345",,"5353,5353","17","0.000000000",,"331",,,,,"False",,"1",,,
"1762687583.003251000",,,"365",,"5353,5353",,"0.000000000",,,,,,,,,,,,
"1762687583.003251000","172.17.17.195","224.0.0.251","75",,"5353,5353","17","0.000000000",,"61",,,,,"False",,"1",,,
"1762687583.003251000",,,"95",,"5353,5353",,"0.000000000",,,,,,,,,,,,
"1762687583.003251000",,,"60",,,,"0.000000000",,,,,,,,,,,,
"1762687583.003251000","172.17.17.195","172.17.23.255","70",,"65057,22222","17","0.000000000",,"56",,,,,"False",,"128",,,
"1762687583.003251000","172.17.17.195","172.17.23.255","56",,"65069,3289","17","0.000000000",,"42",,,,,"False",,"128",,,
"1762687583.003251000","172.17.17.195","224.0.0.251","77",,"5353,5353","17","0.000000000",,"63",,,,,"False",,"1",,,
"1762687583.003251000","172.17.17.195","224.0.0.251","76",,"5353,5353","17","0.000000000",,"62",,,,,"False",,"1",,,
"1762687583.003251000","172.17.17.195","172.17.23.255","70",,"65063,22222","17","0.000000000",,"56",,,,,"False",,"128",,,
"1762687583.003251000","172.17.17.195","255.255.255.255","125",,"10004,10004","17","0.000000000",,"111",,,,,"False",,"128",,,
"1762687583.003251000",,,"96",,"5353,5353",,"0.000000000",,,,,,,,,,,,
"1762687583.003251000","172.17.17.195","224.0.0.251","78",,"5353,5353","17","0.000000000",,"64",,,,,"False",,"1",,,
"1762687583.003251000",,,"98",,"5353,5353",,"0.000000000",,,,,,,,,,,,
"1762687583.003251000",,,"97",,"5353,5353",,"0.000000000",,,,,,,,,,,,
"1762687583.003251000","172.17.17.195","224.0.0.251","75",,"5353,5353","17","0.000000000",,"61",,,,,"False",,"1",,,
"1762687583.003251000",,,"95",,"5353,5353",,"0.000000000",,,,,,,,,,,,
"1762687583.003251000",,,"60",,,,"0.000000000",,,,,,,,,,,,
"1762687583.003251000",,,"86",,,,"0.000000000",,,,,,,,,,,,
"1762687583.007308000","172.17.19.207","140.82.113.26","55","50449,443",,"6","0.004057000","0x0010","41",,"13","1","1","True","252","128",,,
"1762687583.007870000","35.223.238.178","172.17.19.207","54","443,64979",,"6","0.000562000","0x0010","40",,"1","607","8961","True","291","54",,,
"1762687583.007870000","35.223.238.178","172.17.19.207","66","443,64979",,"6","0.000000000","0x0010","52",,"1","607","8961","True","291","54","1",,
"1762687583.007870000","35.223.238.178","172.17.19.207","54","443,64979",,"6","0.000000000","0x0010","40",,"1","607","10890","True","277","54",,,
"1762687583.007870000","35.223.238.178","172.17.19.207","334","443,64979",,"6","0.000000000","0x0018","320",,"1","607","10890","True","291","54",,,
"1762687583.007870000","35.223.238.178","172.17.19.207","99","443,64979",,"6","0.000000000","0x0018","85",,"1","887","10890","True","291","54",,,
"1762687583.008003000","172.17.19.207","35.223.238.178","54","64979,443",,"6","0.000133000","0x0010","40",,"1","10890","932","True","253","128",,,
"1762687583.201400000","172.17.22.203","224.0.0.252","66",,"58383,5355","17","0.193397000",,"52",,,,,"False",,"1",,,
"1762687583.201747000",,,"60",,,,"0.000347000",,,,,,,,,,,,
"1762687583.202199000",,,"60",,,,"0.000452000",,,,,,,,,,,,
"1762687583.304964000","140.82.113.26","172.17.19.207","66","443,50449",,"6","0.102765000","0x0010","52",,"13","1","2","True","74","46",,,
"1762687583.407079000","172.17.22.203","239.255.255.250","179",,"65432,1900","17","0.102115000",,"165",,,,,"False",,"4",,"*",
"1762687583.407079000",,,"60",,,,"0.000000000",,,,,,,,,,,,
"1762687583.407079000",,,"56",,,,"0.000000000",,,,,,,,,,,,
"1762687583.536140000","172.17.19.207","35.186.224.24","1292",,"63771,443","17","0.129061000",,"1278",,,,,"True",,"128",,,
"1762687583.536370000","172.17.19.207","35.186.224.24","1292",,"63771,443","17","0.000230000",,"1278",,,,,"True",,"128",,,
"1762687583.536874000","172.17.19.207","35.186.224.24","138","55930,443",,"6","0.000504000","0x0018","124",,"14","1","1","True","251","128",,,
"1762687583.536995000","172.17.19.207","35.186.224.24","93","55930,443",,"6","0.000121000","0x0018","79",,"14","85","1","True","251","128",,,
"1762687583.537048000","172.17.19.207","35.186.224.24","574","55930,443",,"6","0.000053000","0x0018","560",,"14","124","1","True","251","128",,,
"1762687583.543514000","35.186.224.24","172.17.19.207","54","443,55930",,"6","0.006466000","0x0010","40",,"14","1","85","False","1039","118",,,
"1762687583.543638000","35.186.224.24","172.17.19.207","54","443,55930",,"6","0.000124000","0x0010","40",,"14","1","124","False","1039","118",,,
"1762687583.544034000","35.186.224.24","172.17.19.207","82",,"443,63771","17","0.000396000",,"68",,,,,"True",,"55",,,
"1762687583.544034000","35.186.224.24","172.17.19.207","93","443,55930",,"6","0.000000000","0x0018","79",,"14","1","124","False","1039","118",,,
"1762687583.544361000","35.186.224.24","172.17.19.207","1292",,"443,63771","17","0.000327000",,"1278",,,,,"True",,"55",,,
"1762687583.549400000","35.186.224.24","172.17.19.207","54","443,55930",,"6","0.005039000","0x0010","40",,"14","40","644","False","1037","118",,,
"1762687583.560521000","172.17.19.207","35.186.224.24","1292",,"63771,443","17","0.011121000",,"1278",,,,,"True",,"128",,,
"1762687583.567238000","35.186.224.24","172.17.19.207","1292",,"443,63771","17","0.006717000",,"1278",,,,,"True",,"55",,,
"1762687583.574026000","35.186.224.24","172.17.19.207","1292",,"443,63771","17","0.006788000",,"1278",,,,,"True",,"55",,,
"1762687583.576725000","172.17.19.207","35.186.224.24","1292",,"63771,443","17","0.002699000",,"1278",,,,,"True",,"128",,,
"1762687583.577073000","172.17.19.207","35.186.224.24","204",,"63771,443","17","0.000348000",,"190",,,,,"True",,"128",,,
"1762687583.584058000","35.186.224.24","172.17.19.207","626",,"443,63771","17","0.006985000",,"612",,,,,"True",,"55",,,
"1762687583.584058000","35.186.224.24","172.17.19.207","163",,"443,63771","17","0.000000000",,"149",,,,,"True",,"55",,,
"1762687583.585232000","172.17.19.207","35.186.224.24","73",,"63771,443","17","0.001174000",,"59",,,,,"True",,"128",,,
"1762687583.591699000","172.17.19.207","35.186.224.24","54","55930,443",,"6","0.006467000","0x0010","40",,"14","644","40","True","250","128",,,
"1762687583.609310000","35.186.224.24","172.17.19.207","66",,"443,63771","17","0.017611000",,"52",,,,,"True",,"55",,,
"1762687583.610280000",,,"60",,,,"0.000970000",,,,,,,,,,,,
"1762687583.610382000","172.17.18.190","224.0.0.251","119",,"5353,5353","17","0.000102000",,"105",,,,,"False",,"255",,,
"1762687583.611018000","172.17.17.195","239.255.255.250","666",,"65052,3702","17","0.000636000",,"652",,,,,"False",,"1",,,
"1762687583.611237000",,,"718",,"56482,3702",,"0.000219000",,,,,,,,,,,,
"1762687583.611354000",,,"56",,,,"0.000117000",,,,,,,,,,,,
"1762687583.611652000",,,"56",,,,"0.000298000",,,,,,,,,,,,
"1762687583.612508000","172.17.17.154","172.17.23.255","92",,"137,137","17","0.000856000",,"78",,,,,"False",,"128",,,
"1762687583.612508000","172.17.23.24","224.0.0.251","83",,"5353,5353","17","0.000000000",,"69",,,,,"False",,"1",,,
"1762687583.612508000",,,"103",,"5353,5353",,"0.000000000",,,,,,,,,,,,
"1762687583.612508000","172.17.23.24","224.0.0.251","86",,"5353,5353","17","0.000000000",,"72",,,,,"False",,"1",,,
"1762687583.612508000",,,"106",,"5353,5353",,"0.000000000",,,,,,,,,,,,
"1762687583.614208000","172.17.23.24","224.0.0.251","279",,"5353,5353","17","0.001700000",,"265",,,,,"False",,"1",,,
"1762687583.614660000",,,"299",,"5353,5353",,"0.000452000",,,,,,,,,,,,
"1762687583.615098000",,,"308",,"5353,5353",,"0.000438000",,,,,,,,,,,,
"1762687583.615485000","172.17.23.24","224.0.0.251","288",,"5353,5353","17","0.000387000",,"274",,,,,"False",,"1",,,
"1762687583.654852000","35.186.224.24","172.17.19.207","139","443,55930",,"6","0.039367000","0x0018","125",,"14","40","644","False","1037","118",,,
"1762687583.657273000","172.17.19.207","35.186.224.24","93","55930,443",,"6","0.002421000","0x0018","79",,"14","644","125","True","250","128",,,
"1762687583.663309000","35.186.224.24","172.17.19.207","54","443,55930",,"6","0.006036000","0x0010","40",,"14","125","683","False","1037","118",,,
"1762687583.815676000","172.17.23.206","172.17.23.255","92",,"137,137","17","0.152367000",,"78",,,,,"False",,"128",,,
"1762687583.815676000",,,"60",,,,"0.000000000",,,,,,,,,,,,
"1762687583.815676000",,,"60",,,,"0.000000000",,,,,,,,,,,,
"1762687583.815676000",,,"101",,"39123,5353",,"0.000000000",,,,,,,,,,,,
"1762687583.816553000",,,"60",,,,"0.000877000",,,,,,,,,,,,
"1762687584.020111000",,,"56",,,,"0.203558000",,,,,,,,,,,,
"1762687584.020111000","172.17.16.149","239.255.255.250","212",,"61128,1900","17","0.000000000",,"198",,,,,"False",,"1",,"*",
"1762687584.020480000",,,"60",,,,"0.000369000",,,,,,,,,,,,
"1762687584.226814000",,,"56",,,,"0.206334000",,,,,,,,,,,,
"1762687584.226814000",,,"60",,,,"0.000000000",,,,,,,,,,,,
"1762687584.381501000","172.17.19.207","35.223.238.178","55","51521,443",,"6","0.154687000","0x0010","41",,"15","1","1","True","506","128",,,
"1762687584.430738000","172.17.23.238","239.255.255.250","212",,"52511,1900","17","0.049237000",,"198",,,,,"False",,"1",,"*",
"1762687584.430738000","172.17.16.182","224.0.0.251","87",,"5353,5353","17","0.000000000",,"73",,,,,"False",,"255",,,
"1762687584.430738000",,,"107",,"5353,5353",,"0.000000000",,,,,,,,,,,,
"1762687584.430738000",,,"686",,"65053,3702",,"0.000000000",,,,,,,,,,,,
"1762687584.430738000","172.17.16.118","239.255.255.250","698",,"56481,3702","17","0.000000000",,"684",,,,,"False",,"1",,,
"1762687584.433290000","172.17.23.206","172.17.23.255","92",,"137,137","17","0.002552000",,"78",,,,,"False",,"128",,,
"1762687584.433290000",,,"56",,,,"0.000000000",,,,,,,,,,,,
"1762687584.433290000",,,"60",,,,"0.000000000",,,,,,,,,,,,
"1762687584.433290000",,,"56",,,,"0.000000000",,,,,,,,,,,,
"1762687584.437663000","172.17.19.207","104.26.6.95","121","53369,443",,"6","0.004373000","0x0018","107",,"2","103","413","True","255","128",,,
"1762687584.443077000","104.26.6.95","172.17.19.207","54","443,53369",,"6","0.005414000","0x0010","40",,"2","413","170","True","17","53",,,
"1762687584.634815000",,,"60",,,,"0.191738000",,,,,,,,,,,,
"1762687584.634815000",,,"60",,,,"0.000000000",,,,,,,,,,,,
"1762687584.738436000","35.223.238.178","172.17.19.207","66","443,51521",,"6","0.103621000","0x0010","52",,"15","1","2","True","280","55",,,
"1762687584.738436000","104.26.6.95","172.17.19.207","314","443,53369",,"6","0.000000000","0x0018","300",,"2","413","170","True","17","53",,,
"1762687584.738436000","104.26.6.95","172.17.19.207","176","443,53369",,"6","0.000000000","0x0018","162",,"2","673","170","True","17","53",,,
"1762687584.738436000","104.26.6.95","172.17.19.207","85","443,53369",,"6","0.000000000","0x0018","71",,"2","795","170","True","17","53",,,
"1762687584.738436000","104.26.6.95","172.17.19.207","85","443,53369",,"6","0.000000000","0x0018","71",,"2","795","170","True","17","53","1",,
"1762687584.738641000","172.17.19.207","104.26.6.95","66","53369,443",,"6","0.000205000","0x0010","52",,"2","170","826","True","254","128",,,
"1762687584.741341000","172.17.19.207","104.26.6.95","89","53369,443",,"6","0.002700000","0x0018","75",,"2","170","826","True","254","128",,,
"1762687584.747162000","104.26.6.95","172.17.19.207","54","443,53369",,"6","0.005821000","0x0010","40",,"2","826","205","True","17","53",,,
"1762687584.840839000","172.17.21.74","224.0.0.251","84",,"5353,5353","17","0.093677000",,"70",,,,,"False",,"1",,,
"1762687584.840839000","172.17.21.74","224.0.0.251","332",,"5353,5353","17","0.000000000",,"318",,,,,"False",,"1",,,
"1762687584.840839000",,,"104",,"5353,5353",,"0.000000000",,,,,,,,,,,,
"1762687584.840839000",,,"352",,"5353,5353",,"0.000000000",,,,,,,,,,,,
"1762687584.840839000","172.17.21.74","224.0.0.251","84",,"5353,5353","17","0.000000000",,"70",,,,,"False",,"1",,,
"1762687584.840839000","172.17.21.74","224.0.0.251","332",,"5353,5353","17","0.000000000",,"318",,,,,"False",,"1",,,
"1762687584.840839000",,,"104",,"5353,5353",,"0.000000000",,,,,,,,,,,,
"1762687584.840839000","172.17.21.74","224.0.0.251","332",,"5353,5353","17","0.000000000",,"318",,,,,"False",,"1",,,
"1762687584.843438000",,,"352",,"5353,5353",,"0.002599000",,,,,,,,,,,,
"1762687584.843825000","172.17.21.74","224.0.0.251","332",,"5353,5353","17","0.000387000",,"318",,,,,"False",,"1",,,
"1762687584.843825000",,,"352",,"5353,5353",,"0.000000000",,,,,,,,,,,,
"1762687584.844553000",,,"352",,"5353,5353",,"0.000728000",,,,,,,,,,,,
"1762687584.844553000",,,"60",,,,"0.000000000",,,,,,,,,,,,
"1762687584.844553000",,,"60",,,,"0.000000000",,,,,,,,,,,,
"1762687584.844895000",,,"60",,,,"0.000342000",,,,,,,,,,,,
"1762687584.929426000","172.17.19.207","35.223.238.178","55","51520,443",,"6","0.084531000","0x0010","41",,"16","1","1","True","511","128",,,
"1762687585.044586000","172.17.22.191","224.0.0.251","338",,"5353,5353","17","0.115160000",,"324",,,,,"False",,"1",,,
"1762687585.044586000",,,"358",,"5353,5353",,"0.000000000",,,,,,,,,,,,
"1762687585.045969000",,,"358",,"5353,5353",,"0.001383000",,,,,,,,,,,,
"1762687585.045969000",,,"358",,"5353,5353",,"0.000000000",,,,,,,,,,,,
"1762687585.045969000","172.17.22.191","224.0.0.251","338",,"5353,5353","17","0.000000000",,"324",,,,,"False",,"1",,,
"1762687585.045969000",,,"358",,"5353,5353",,"0.000000000",,,,,,,,,,,,
"1762687585.045969000","172.17.16.149","239.255.255.250","212",,"61128,1900","17","0.000000000",,"198",,,,,"False",,"1",,"*",
"1762687585.047809000","172.17.21.11","224.0.0.251","359",,"5353,5353","17","0.001840000",,"345",,,,,"False",,"1",,,
"1762687585.048257000",,,"379",,"5353,5353",,"0.000448000",,,,,,,,,,,,
"1762687585.048680000","172.17.21.11","224.0.0.251","359",,"5353,5353","17","0.000423000",,"345",,,,,"False",,"1",,,
"1762687585.049121000",,,"379",,"5353,5353",,"0.000441000",,,,,,,,,,,,
"1762687585.049540000","172.17.21.11","224.0.0.251","359",,"5353,5353","17","0.000419000",,"345",,,,,"False",,"1",,,
"1762687585.049540000","172.17.21.11","224.0.0.251","359",,"5353,5353","17","0.000000000",,"345",,,,,"False",,"1",,,
"1762687585.049540000",,,"379",,"5353,5353",,"0.000000000",,,,,,,,,,,,
"1762687585.050431000",,,"379",,"5353,5353",,"0.000891000",,,,,,,,,,,,
"1762687585.050431000","172.17.22.153","224.0.0.251","82",,"5353,5353","17","0.000000000",,"68",,,,,"False",,"1",,,
"1762687585.051169000",,,"102",,"5353,5353",,"0.000738000",,,,,,,,,,,,
"1762687585.051700000","172.17.22.153","224.0.0.251","82",,"5353,5353","17","0.000531000",,"68",,,,,"False",,"1",,,
"1762687585.051700000",,,"102",,"5353,5353",,"0.000000000",,,,,,,,,,,,
"1762687585.051700000",,,"60",,,,"0.000000000",,,,,,,,,,,,
"1762687585.052376000","172.17.20.228","239.255.255.250","215",,"41533,1900","17","0.000676000",,"201",,,,,"True",,"1",,"*",
"1762687585.249221000","172.17.23.69","224.0.0.251","103",,"5353,5353","17","0.196845000",,"89",,,,,"True",,"255",,,
"1762687585.249221000",,,"123",,"5353,5353",,"0.000000000",,,,,,,,,,,,
"1762687585.249221000","172.17.20.143","224.0.0.251","308",,"5353,5353","17","0.000000000",,"294",,,,,"False",,"1",,,
"1762687585.249221000","172.17.20.143","224.0.0.251","81",,"5353,5353","17","0.000000000",,"67",,,,,"False",,"1",,,
"1762687585.250786000",,,"86",,"57976,5355",,"0.001565000",,,,,,,,,,,,
"1762687585.251045000",,,"60",,,,"0.000259000",,,,,,,,,,,,
"1762687585.251045000","172.17.22.203","224.0.0.252","66",,"57976,5355","17","0.000000000",,"52",,,,,"False",,"1",,,
"1762687585.251136000",,,"60",,,,"0.000091000",,,,,,,,,,,,
"1762687585.251136000",,,"60",,,,"0.000000000",,,,,,,,,,,,
"1762687585.252220000","35.223.238.178","172.17.19.207","66","443,51520",,"6","0.001084000","0x0010","52",,"16","1","2","True","301","55",,,
"1762687585.454838000","172.17.23.238","239.255.255.250","212",,"52511,1900","17","0.202618000",,"198",,,,,"False",,"1",,"*",
"1762687585.454838000","172.17.17.104","224.0.0.251","81",,"62959,5353","17","0.000000000",,"67",,,,,"False",,"1",,,
"1762687585.454838000",,,"60",,,,"0.000000000",,,,,,,,,,,,
"1762687585.454838000","172.17.20.143","224.0.0.251","81",,"5353,5353","17","0.000000000",,"67",,,,,"False",,"1",,,
"1762687585.454838000",,,"56",,,,"0.000000000",,,,,,,,,,,,
"1762687585.454838000",,,"60",,,,"0.000000000",,,,,,,,,,,,
"1762687585.659485000",,,"60",,,,"0.204647000",,,,,,,,,,,,
"1762687585.659485000",,,"60",,,,"0.000000000",,,,,,,,,,,,
"1762687585.659485000","172.17.17.195","239.255.255.250","666",,"65052,3702","17","0.000000000",,"652",,,,,"False",,"1",,,
"1762687585.659485000",,,"718",,"56482,3702",,"0.000000000",,,,,,,,,,,,
"1762687585.659485000","172.17.21.181","224.0.0.251","103",,"5353,5353","17","0.000000000",,"89",,,,,"True",,"255",,,
"1762687585.659485000",,,"123",,"5353,5353",,"0.000000000",,,,,,,,,,,,
"1762687585.661064000","172.17.16.105","224.0.0.251","234",,"5353,5353","17","0.001579000",,"220",,,,,"False",,"1",,,
"1762687585.661064000",,,"254",,"5353,5353",,"0.000000000",,,,,,,,,,,,
"1762687585.661064000",,,"60",,,,"0.000000000",,,,,,,,,,,,
"1762687585.661064000","172.17.20.143","224.0.0.251","81",,"5353,5353","17","0.000000000",,"67",,,,,"False",,"1",,,
"1762687585.661064000",,,"60",,,,"0.000000000",,,,,,,,,,,,
"1762687585.661064000",,,"60",,,,"0.000000000",,,,,,,,,,,,
"1762687585.870387000","172.17.16.105","224.0.0.251","93",,"5353,5353","17","0.209323000",,"79",,,,,"False",,"1",,,
"1762687585.870387000",,,"113",,"5353,5353",,"0.000000000",,,,,,,,,,,,
"1762687585.870387000",,,"56",,,,"0.000000000",,,,,,,,,,,,
"1762687585.870387000",,,"56",,,,"0.000000000",,,,,,,,,,,,
"1762687585.870387000",,,"60",,,,"0.000000000",,,,,,,,,,,,
"1762687586.068601000","172.17.16.149","239.255.255.250","212",,"61128,1900","17","0.198214000",,"198",,,,,"False",,"1",,"*",
"1762687586.068601000",,,"157",,"58081,1900",,"0.000000000",,,,,,,,,,,"*",
"1762687586.068601000","172.17.17.195","239.255.255.250","143",,"58084,1900","17","0.000000000",,"129",,,,,"False",,"4",,"*",
"1762687586.069339000",,,"56",,,,"0.000738000",,,,,,,,,,,,
"1762687586.069428000","172.17.20.143","224.0.0.251","362",,"5353,5353","17","0.000089000",,"348",,,,,"False",,"1",,,
"1762687586.070061000","172.17.20.143","224.0.0.251","310",,"5353,5353","17","0.000633000",,"296",,,,,"False",,"1",,,
"1762687586.070353000",,,"60",,,,"0.000292000",,,,,,,,,,,,
"1762687586.070480000","172.17.16.105","224.0.0.251","93",,"5353,5353","17","0.000127000",,"79",,,,,"False",,"1",,,
"1762687586.070480000",,,"113",,"5353,5353",,"0.000000000",,,,,,,,,,,,
"1762687586.070480000","172.17.17.195","172.17.23.255","70",,"65057,22222","17","0.000000000",,"56",,,,,"False",,"128",,,
"1762687586.070480000","172.17.17.195","172.17.23.255","56",,"65069,3289","17","0.000000000",,"42",,,,,"False",,"128",,,
"1762687586.070480000","172.17.17.195","172.17.23.255","70",,"65063,22222","17","0.000000000",,"56",,,,,"False",,"128",,,
"1762687586.070480000","172.17.17.195","255.255.255.255","125",,"10004,10004","17","0.000000000",,"111",,,,,"False",,"128",,,
"1762687586.070480000","172.17.17.104","224.0.0.251","93",,"62959,5353","17","0.000000000",,"79",,,,,"False",,"1",,,
"1762687586.070480000","172.17.22.153","224.0.0.251","82",,"5353,5353","17","0.000000000",,"68",,,,,"False",,"1",,,
"1762687586.071878000",,,"102",,"5353,5353",,"0.001398000",,,,,,,,,,,,
"1762687586.072388000","172.17.22.153","224.0.0.251","82",,"5353,5353","17","0.000510000",,"68",,,,,"False",,"1",,,
"1762687586.072716000",,,"102",,"5353,5353",,"0.000328000",,,,,,,,,,,,
"1762687586.073040000",,,"60",,,,"0.000324000",,,,,,,,,,,,
"1762687586.073056000",,,"60",,,,"0.000016000",,,,,,,,,,,,
"1762687586.276093000","172.17.23.206","172.17.23.255","92",,"137,137","17","0.203037000",,"78",,,,,"False",,"128",,,
"1762687586.276093000","172.17.23.206","172.17.23.255","225",,"138,138","17","0.000000000",,"211",,,,,"False",,"128",,,
"1762687586.276093000","172.17.22.154","224.0.0.251","213",,"5353,5353","17","0.000000000",,"199",,,,,"False",,"1",,,
"1762687586.276093000",,,"233",,"5353,5353",,"0.000000000",,,,,,,,,,,,
"1762687586.276093000","172.17.22.154","224.0.0.251","86",,"5353,5353","17","0.000000000",,"72",,,,,"False",,"1",,,
"1762687586.276093000",,,"106",,"5353,5353",,"0.000000000",,,,,,,,,,,,
"1762687586.276093000","172.17.16.105","224.0.0.251","93",,"5353,5353","17","0.000000000",,"79",,,,,"False",,"1",,,
"1762687586.276093000",,,"113",,"5353,5353",,"0.000000000",,,,,,,,,,,,
"1762687586.276093000",,,"60",,,,"0.000000000",,,,,,,,,,,,
"1762687586.276093000",,,"60",,,,"0.000000000",,,,,,,,,,,,
"1762687586.276093000","172.17.16.182","239.255.255.250","167",,"59849,1900","17","0.000000000",,"153",,,,,"False",,"255",,"*",
"1762687586.477663000",,,"60",,,,"0.201570000",,,,,,,,,,,,
"1762687586.477791000","172.17.17.104","224.0.0.251","86",,"62959,5353","17","0.000128000",,"72",,,,,"False",,"1",,,
"1762687586.478736000","172.17.16.118","239.255.255.250","698",,"56481,3702","17","0.000945000",,"684",,,,,"False",,"1",,,
"1762687586.478844000",,,"56",,,,"0.000108000",,,,,,,,,,,,
"1762687586.479151000","172.17.16.105","224.0.0.251","299",,"5353,5353","17","0.000307000",,"285",,,,,"False",,"1",,,
"1762687586.479593000",,,"319",,"5353,5353",,"0.000442000",,,,,,,,,,,,
"1762687586.480279000","172.17.16.105","224.0.0.251","235",,"5353,5353","17","0.000686000",,"221",,,,,"False",,"1",,,
"1762687586.480279000",,,"255",,"5353,5353",,"0.000000000",,,,,,,,,,,,
"1762687586.480279000","172.17.22.154","224.0.0.251","86",,"5353,5353","17","0.000000000",,"72",,,,,"False",,"1",,,
"1762687586.481162000",,,"106",,"5353,5353",,"0.000883000",,,,,,,,,,,,
"1762687586.682720000","172.17.16.197","172.17.23.255","82",,"52683,1947","17","0.201558000",,"68",,,,,"False",,"128",,,
"1762687586.682720000","172.17.16.197","255.255.255.255","82",,"52682,1947","17","0.000000000",,"68",,,,,"False",,"128",,,
"1762687586.683506000",,,"92",,"51001,5355",,"0.000786000",,,,,,,,,,,,
"1762687586.683506000","172.17.17.62","224.0.0.252","72",,"51001,5355","17","0.000000000",,"58",,,,,"False",,"1",,,
"1762687586.683506000",,,"56",,,,"0.000000000",,,,,,,,,,,,
"1762687586.684316000",,,"60",,,,"0.000810000",,,,,,,,,,,,
"1762687586.684400000","172.17.18.50","239.255.255.250","143",,"54805,1900","17","0.000084000",,"129",,,,,"False",,"4",,"*",
"1762687586.889136000",,,"60",,,,"0.204736000",,,,,,,,,,,,
